NOM_SP;CHANGEMENTS;Habitat;METHOD_ECHANT;SITE;Origine;Commentaires
Abludomelita sp.;SUPPRIME;Herbiers Intertidaux;;;Reunion 12/05/16;
Abra alba;SUPPRIME;Herbiers Intertidaux;Haveneau;;M2;
Abra segmentum;Abra alba;Herbiers Intertidaux;;;Reunion 12/05/16;On ne fusionne que les donnees de l'observatoire, on laisse les donnees de Roscoff sans fusion
Abra sp.;Abra alba;Intertidal Meuble;;;These Nolwenn;
Abra tenuis;Abra alba;;;;Modif VLG 13/02;
Acanthochitona discrepans;Acanthochitona crinita;;;;Reunion 25/05/20;
Acasta spongites;Sessilia spp.;;;;Reunion 19/01/17;
Achaeus cranchi;Achaeus cranchii;;;;Reunion 19/01/17;
Achaeus sp.;Achaeus cranchii;;;;Reunion 25/05/20;
Acidostoma nodiferum;Acidostoma obesum;;;;Reunion 19/01/17;Actualisation du nom dans worms : synonymie
Acrocnida brachiata;Acrocnida spp.;;;;Reunion 19/01/17;
Acrocnida spatulispina;Acrocnida spp.;;;;Reunion 19/01/17;
Acromegalomma lanigerum;Acromegalomma spp.;;;;Modif VLG 13/02/18;
Acromegalomma longoventrale;Acromegalomma spp.;;;;Reunion 25/05/20;
Acromegalomma spp.;SUPPRIME;Herbiers Intertidaux;Haveneau;;M2;
Actineria sp.;SUPPRIME;;;;Reunion 25/05/20;
Actiniaria sp.;Actiniaria spp.;;;;Reunion 19/01/17;
Adamsia carciniopados;Adamsia palliata;;;;Modif 01/02/18;
Aeginina longicornis;Caprella spp.;;;;Reunion 20/02/17;
Aglaophamus;Aglaophamus sp.;;;;Reunion 25/05/20;
Amaeana trilobata;Polycirrus spp.;;;;Post-reunion 19/01/17;
Amblyosyllis formosa;Syllidae spp.;;;;Reunion 20/02/17;
Amblyosyllis madeirensis;Syllidae spp.;;;;Reunion 20/02/17;
Amblyosyllis sp.;Syllidae spp.;;;;Reunion 20/02/17;
Ampelisca;Ampelisca spp.;;;;Reunion 25/05/20;
Ampelisca anomala;Ampelisca spp.;;;;Reunion 25/05/20;
Ampelisca sp.;Ampelisca spp.;;;;Reunion 12/05/16;
Ampelisca toulemonti;Ampelisca spp.;;;;M2;
Ampharete acutifrons;Ampharete spp.;;;;Reunion 19/01/17;
Ampharete baltica;Ampharete spp.;;;;Reunion 19/01/17;
Ampharete finmarchica;Ampharete spp.;;;;Reunion 19/01/17;
Ampharete goesi;Ampharete spp.;;;;Reunion 25/05/20;
Ampharete lindstroemi;Ampharete spp.;;;;Reunion 19/01/17;
Ampharete sp.;Ampharete spp.;;;;Reunion 19/01/17;
Amphicteis midas;Amphicteis gunneri;;;;Reunion 25/05/20;
Amphilectus fucorum;Porifera spp.;;;;Reunion 20/02/17;
Amphilectus sp.;Porifera spp.;;;;Reunion 20/02/17;
Amphilochus;Apolochus spencebatei;;;;Reunion 25/05/20;
Amphilochus sp.;Apolochus spencebatei;;;;Reunion 19/01/17;1er changement le 19/01/17 en Amphilochus spencebatei puis le 04/02/20 en Apolochus spencebatei car mAj Worms
Amphilochus spencebatei;Apolochus spencebatei;;;;Correction 04/02/20;Actualisation du nom dans worms
Amphipoda spp.;SUPPRIME;;;;Reunion 25/05/20;
Amphitrite cirrata;Amphitrite spp.;;;;Verif 18/03/17;
Amphitrite gracilis;Amphitritides gracilis;;;;Reunion 19/01/17;
Amphitrite sp.;Amphitrite spp.;;;;Verif 18/03/17;
Amphiura;Amphiura spp.;;;;Reunion 25/05/20;
Amphiura (Amphiura) incana;Amphiura spp.;;;;Post-reunion 19/01/17;
Amphiura (Ophiopeltis) securigera;Amphiura spp.;;;;Post-reunion 19/01/17;
Amphiura chiajei;Amphiura spp.;;;;Post-reunion 19/01/17;
Amphiura sp.;Amphiura spp.;;;;Post-reunion 19/01/17;
Ampithoe helleri;Pleonexes helleri;;;;Correction 04/02/20;Actualisation du nom dans worms
Anapagurus chiroacanthus;Anapagurus hyndmanni;;;;Reunion 19/01/17;
Anapagurus laevis;Anapagurus hyndmanni;;;;Reunion 19/01/17;
Anapagurus sp.;Anapagurus hyndmanni;;;;Reunion 12/05/16;Herbiers Intertidaux
Anemonia sp.;SUPPRIME;;;;Reunion 20/02/17;
Anilocra sp1;Anilocra sp.;;;;Reunion 25/05/20;
Anilocra sp2;Anilocra sp.;;;;Reunion 25/05/20;
Anomiidae;SUPPRIME;;;;Reunion 25/05/20;
Anonyx sarsi;Uristidae spp.;;;;M2;
Anthozoa sp.;Actiniaria spp.;;;;Reunion 19/01/17;
Anthuridae sp.;Paranthura nigropunctata;;;;Reunion 19/01/17;
Aonides oxycephala;SUPPRIME;Herbiers Intertidaux;Haveneau;;M2;
Aonides sp.;Aonides oxycephala;;;;Reunion 25/05/20;
Aora;Aora sp.;;;;Reunion 25/05/20;
Aora spinicornis;Aora gracilis;;;;M2;Herbiers Intertidaux
Aora typica;Aora gracilis;;;;Reunion 19/01/17;
Aoridae;Aoridae sp.;;;;Reunion 25/05/20;
Aphelochaeta;Aphelochaeta spp.;;;;Reunion 25/05/20;
Aphelochaeta A;Aphelochaeta spp.;;;;Verif 18/03/17;
Aphelochaeta B;Aphelochaeta spp.;;;;Verif 18/03/17;
Aphelochaeta filiformis;Aphelochaeta spp.;;;;Reunion 20/02/17;
Aphelochaeta marioni;Aphelochaeta cf. marioni;;;;Reunion 19/01/17;
Aphelochaeta sp.;Aphelochaeta spp.;;;;Reunion 19/01/17;
Aphelochaeta sp1;Aphelochaeta spp.;;;;Reunion 19/01/17;
Aphelochaeta type A;Aphelochaeta spp.;;;;Reunion 19/01/17;
Apherusa clevei;Apherusa bispinosa;;;;Reunion 20/02/17;
Aphroceras ensata;Porifera spp.;;;;Reunion 20/02/17;
Aphrodita perarmata;Aphrodita aculeata;;;;Reunion 20/02/17;Confirme par Caro
Aphroditidae spp.;Harmothoe spp.;;;;These Nolwenn;Present qu'en Intertidal Meuble
Aplidium spp.;SUPPRIME;;;;Reunion 20/02/17;
Aplysia depilans;Aplysia punctata;;;;M2;Present qu'en Herbiers Intertidaux
Aplysia sp.;Aplysia punctata;;;;Verif 18/03/17;
Apocorophium acutum;Corophium spp.;;;;Reunion 19/01/17;
Apseudes holthuisi;Apseudes talpa;;;;Reunion 25/05/20;
Apseudes sp.;Apseudopsis latreillii;;;;Reunion 19/01/17;
Apseudopsis adami;Apseudopsis latreillii;;;;Reunion 25/05/20;
Arenicola sp.;Arenicola marina;;;;These Nolwenn;Present qu'en Intertidal Meuble
Arenicolides ecaudata;Arenicolides grubii;;;;M2;Herbiers Intertidaux & MA
Aricidea cerrutii;Aricidea (Acmira) cerrutii;;;;Reunion 25/05/20;
Aricidea jeffreysii;Aricidea spp.;;;;Reunion 20/02/17;
Aricidea sp.;Aricidea spp.;;;;Reunion 20/02/17;
Armandia polyophthalma;Armandia cirrhosa;;;;Reunion 19/01/17;
Armina loveni;Nudibranchia spp.;;;;Reunion 20/02/17;
Ascidiacea spp.;Ascidiella spp.;;;;Post-reunion 19/01/17;Idem en MA ?
Ascidiella aspersa;Ascidiella spp.;;;;Post-reunion 19/01/17;
Ascidiella scabra;Ascidiella spp.;;;;Post-reunion 19/01/17;
Ascidiella sp.;Ascidiella spp.;;;;Post-reunion 19/01/17;
Astacilla damnoniensis;Astacilla longicornis;;;;Reunion 25/05/20;
Astropecten jonstoni;Astropecten irregularis;;;;Reunion 20/02/17;Verifier avec Caro
Atylus guttatus;Nototropis guttatus;;;;Reunion 19/01/17;
Atylus sp.;Nototropis swammerdamei;;;;Reunion 20/02/17;SM
Atylus vedlomensis;Nototropis vedlomensis;;;;Reunion 19/01/17;
Auchenoplax crinita;SUPPRIME;;;;Reunion 20/02/17;
Aulactinia verrucosa;Actiniaria spp.;;;;Reunion 12/05/16;Present qu'en Intertidal Meuble et Herbiers Intertidaux
Autolytus sp.;Myrianida spp.;;;;Correction 30/01/18;
Autolytus sp1;Myrianida spp.;;;;Correction 30/01/18;
Balanoidea spp.;SUPPRIME;Herbiers Intertidaux;;;M2;
Balanus balanus;Sessilia spp.;;;;Reunion 19/01/17;
Balanus crenatus;Sessilia spp.;;;;Reunion 19/01/17;
Balanus spongicola;SUPPRIME;;;;Reunion 25/05/20;
Bathyporeia;Bathyporeia spp.;;;;Reunion 25/05/20;
Bathyporeia elegans;Bathyporeia spp.;;;;Reunion 19/01/17;
Bathyporeia gracilis;Bathyporeia spp.;;;;Verif 18/03/17;
Bathyporeia guilliamsoniana;Bathyporeia spp.;;;;Reunion 19/01/17;
Bathyporeia nana;Bathyporeia spp.;;;;Reunion 19/01/17;
Bathyporeia pelagica;Bathyporeia spp.;;;;Reunion 19/01/17;
Bathyporeia pilosa;Bathyporeia spp.;;;;Reunion 19/01/17;
Bathyporeia sarsi;Bathyporeia spp.;;;;Reunion 19/01/17;
Bathyporeia sp.;Bathyporeia spp.;;;;Reunion 19/01/17;
Bathyporeia tenuipes;Bathyporeia spp.;;;;Reunion 19/01/17;
Bivalvia sp.;SUPPRIME;;;;Reunion 19/01/17;
Branchiomma lucullanum;Branchiomma bombyx;;;;M2;Herbiers Intertidaux & MA
Brania pusilla;Syllidae spp.;;;;M2;Present qu'en Herbiers Intertidaux
Bubaris vermiculata;Porifera spp.;;;;Reunion 20/02/17;
Cadlina laevis;Nudibranchia spp.;;;;Reunion 20/02/17;
Callionymus lyra;SUPPRIME;;Carotte;;Post-reunion 19/01/17;Suppression apres changements de nom
Callionymus lyra;SUPPRIME;;Benne;;Post-reunion 19/01/17;Suppression apres changements de nom
Callionymus maculatus;Callionymus lyra;;;;M2;Herbiers Intertidaux
Callionymus sp.;Callionymus lyra;;;;Reunion 19/01/17;
Campylaspis legendrei;Cumacea spp.;;;;Reunion 20/02/17;
Capitella capitata;SUPPRIME;Herbiers Intertidaux;Haveneau;;M2;
Capnea sanguinea;Actiniaria spp.;;;;Reunion 19/01/17;
Caprella fretensis;Caprella spp.;;;;Reunion 20/02/17;
Caprella grandimana;Caprella spp.;;;;Reunion 20/02/17;
Caprella linearis;Caprella acanthifera;;;;Reunion 20/02/17;
Caprella sp.;Caprella spp.;;;;Reunion 20/02/17;
Caprelloidea;SUPPRIME;;;;Reunion 25/05/20;
Cataphellia brodricii;Actiniaria spp.;;;;Reunion 19/01/17;
Caulleriella alata;SUPPRIME;Herbiers Intertidaux;Haveneau;;Reunion 12/05/16;
Caulleriella sp.;Caulleriella spp.;;;;Reunion 19/01/17;
Caulleriella sp1;Caulleriella spp.;;;;Reunion 19/01/17;
Caulleriella spp.;SUPPRIME;Herbiers Intertidaux;Haveneau;;Reunion 12/05/16;
Ceradocus;Ceradocus sp.;;;;Reunion 25/05/20;
Cerastoderma glaucum;Cerastoderma edule;;;;Reunion 12/05/16;Present qu'en Intertidal Meuble
Cerebratulus sp.;Nemertea spp.;;;;Reunion 20/02/17;
Chaetopterus sp.;Chaetopterus variopedatus;;;;Reunion 19/01/17;
Chaetozone caputesocis;Chaetozone spp.;;;;Reunion 19/01/17;
Chaetozone christiei;Chaetozone spp.;;;;Reunion 19/01/17;
Chaetozone corona;Chaetozone spp.;;;;Reunion 19/01/17;
Chaetozone gibber;SUPPRIME;Herbiers Intertidaux;Haveneau;;M2;
Chaetozone sp.;Chaetozone spp.;;;;Reunion 19/01/17;
Chaetozone sp1;Chaetozone spp.;;;;Reunion 19/01/17;
Chaetozone spA;Chaetozone spp.;;;;Reunion 12/05/16;Herbiers Intertidaux
Chamelea gallina;Chamelea striatula;;;;Reunion 19/01/17;
Cheirocratus;Cheirocratus sp.;;;;Reunion 25/05/20;
Cheirocratus assimilis;Cheirocratus sundevallii;;;;Reunion 25/05/20;
Cheirocratus sundevalli;Cheirocratus sundevallii;;;;Reunion 20/02/17;
Chelicorophium curvispinum;Corophium spp.;;;;M2/These Nolwenn;Herbiers Intertidaux et Intertidal Meuble
Chirona sp.;Sessilia spp.;;;;Post-reunion 19/01/17;
Chlamys spp.;Mimachlamys varia;;;;Post-reunion 19/01/17;MA Molene
Chone duneri;Chone spp.;;;;Reunion 19/01/17;
Chone filicaudata;Chone spp.;;;;Reunion 25/05/20;
Chone infundibuliformis;Chone spp.;;;;Reunion 19/01/17;
Chone kroyerii;Chone spp.;;;;Reunion 25/05/20;
Chone sp.;Chone spp.;;;;Reunion 19/01/17;
Cima minima;SUPPRIME;;;;Reunion 20/02/17;
Cirolana cranchii;Cirolana cranchi;;;;Reunion 19/01/17;
Cirratulidae;Cirratulidae spp.;;;;Reunion 25/05/20;
Cirratulidae sp.;Cirratulidae spp.;;;;Reunion 19/01/17;
Cirratulus sp.;Cirratulus cirratus;;;;Reunion 19/01/17;
Cirripedia sp.;Sessilia spp.;;;;Reunion 19/01/17;
Cirrophorus branchiatus;Paraonidae spp.;;;;Reunion 19/01/17;MA
Cirrophorus furcatus;Paraonidae spp.;;;;M2;Herbiers Intertidaux
Clathrina coriacea;Porifera spp.;;;;Reunion 20/02/17;
Cliona celata;Porifera spp.;;;;Reunion 20/02/17;
Cliona cellata;Porifera spp.;;;;Reunion 19/01/17;
Clymenura clypeata;Leiochone leiopygos;;;;Reunion 19/01/17;
Clymenura sp.;Leiochone leiopygos;;;;Reunion 19/01/17;
Cnidaria sp.;SUPPRIME;;;;Reunion 20/02/17;
Conger conger;SUPPRIME;;;;Post-Reunion 19/01/17;
Copepoda sp.;SUPPRIME;;;;M2/These Nolwenn;Herbiers Intertidaux/ Intertidal Meuble
Corophium sp.;Corophium arenarium;Intertidal Meuble;;Gavres;Reunion 19/01/17;
Corophium sp.;Corophium spp.;;;;Reunion 19/01/17;
Corophium sp1;Corophium spp.;;;;Reunion 12/05/16;
Corophium volutator;Corophium arenarium;Intertidal Meuble;;Baie du Mont Saint-Michel;Reunion 19/01/17;
Corophium volutator;Corophium arenarium;Intertidal Meuble;;Gavres;Reunion 19/01/17;
Corophium volutator;Corophium arenarium;Intertidal Meuble;;Saint-Benoit;Reunion 19/01/17;
Corophium volutator;Corophium spp.;;;;Reunion 19/01/17;A mettre apres les changements pour les sites de Gavres, St Benoit, et Mont Saint-Michel
Corynactis viridis;Actiniaria spp.;;;;These Nolwenn;Intertidal Meuble
Crangon allmanni;Crangon crangon;;;;These Nolwenn;Intertidal Meuble
Crangonidae;Crangonidae spp.;;;;Reunion 25/05/20;
Crassicorophium bonellii;Corophium spp.;;;;Verif 18/03/17;
Crassicorophium crassicorne;Corophium spp.;;;;Reunion 19/01/17;
Cumacea sp.;Cumacea spp.;;;;Post-reunion 19/01/17;
Cumacea sp1;Cumacea spp.;;;;Post-reunion 19/01/17;
Cumopsis longipes;Cumopsis goodsir;;;;These Nolwenn;Intertidal Meuble
Decapoda spp.;SUPPRIME;;;;M2;Herbiers Intertidaux
Deflexilodes subnudus;Perioculodes longimanus;;;;These Nolwenn;Intertidal Meuble
Demospongiae;Demospongiae spp.;;;;Reunion 25/05/20;
Dendrodoa grossularia;SUPPRIME;;;;Reunion 20/02/17;
Devonia perrieri;SUPPRIME;;;;Reunion 20/02/17;
Dexamine sp.;Dexamine spinosa;;;;Reunion 20/02/17;
Dexamine thea;Dexamine spinosa;;;;M2;Herbiers Intertidaux
Dialychone dunerificta;Chone spp.;;;;Modif pre-tri MA 2013;Espece ajoutee lors de l'ajout des complements des pre-tri de maerl 2013 dans la base
Diastylis bradyi;Cumacea spp.;;;;Post-reunion 19/01/17;
Diastylis laevis;Cumacea spp.;;;;Post-reunion 19/01/17;
Diastylis rugosa;Cumacea spp.;;;;Post-reunion 19/01/17;
Diastylis sp.;Cumacea spp.;;;;Post-reunion 19/01/17;
Didemnidae sp.;SUPPRIME;;;;Reunion 20/02/17;
Diopatra biscayensis;Diopatra spp.;;;;Post-reunion 19/01/17;
Diopatra neapolitana;Diopatra spp.;;;;Post-reunion 19/01/17;
Diplecogaster bimaculata bimaculata;Diplecogaster sp.;;;;Verif 18/03/17;
Diplocirrus sp.;Diplocirrus glaucus;;;;Reunion 25/05/20;
Dipolydora caulleryi;Polydora spp.;;;;Reunion 19/01/17;
Dipolydora coeca;Polydora spp.;;;;Reunion 19/01/17;
Dipolydora flava;Polydora spp.;;;;Reunion 19/01/17;
Dipolydora giardi;Polydora spp.;;;;Reunion 19/01/17;
Dipolydora sp.;Polydora spp.;;;;Reunion 12/05/16;
Discodoris sp.;Nudibranchia spp.;;;;Reunion 20/02/17;
Donax variegatus;Donax vittatus;;;;These Nolwenn;Intertidal Meuble
Dosinia sp.;Dosinia lupinus;Subtidal Meuble;;;Reunion 25/05/20;
Doto coronata;Doto sp.;;;;Reunion 20/02/17;
Doto dp.;Doto sp.;;;;Correction 04/02/20;Faute d'ortographe
Drilonereis sp.;Drilonereis filum;;;;Reunion 19/01/17;
Dynamene magnitorata;Dynamene bidentata;;;;M2;Herbiers Intertidaux
Dynamene sp.;Dynamene bidentata;;;;Reunion 25/05/20;
Dysponetus sp.;Dysponetus joeli;;;;Reunion 20/02/17;
Ebalia sp.;Ebalia tuberosa;;;;Reunion 20/02/17;
Echiichthys vipera;SUPPRIME;;;;Reunion 12/05/16;HI & IM
Echinogammarus incertae sedis planicrurus;Echinogammarus spp.;;;;Reunion 25/05/20;
Echinogammarus marinus;Echinogammarus spp.;;;;M2;
Echinogammarus obtusatus;Echinogammarus spp.;;;;M2;
Echinogammarus planicrurus;Echinogammarus spp.;;;;These Nolwenn;
Echinogammarus sp.;Echinogammarus spp.;;;;Modif VLG 13/02/18;
Edwardsia claparedii;Edwardsia spp.;;;;Reunion 19/01/17;
Edwardsia sp.;Edwardsia spp.;;;;Reunion 19/01/17;
Elasmopus rapax;Elasmopus spp.;;;;Reunion 19/01/17;Remise en cause l'espece exacte au moment de la reunion
Elasmopus sp.;Elasmopus spp.;;;;Modif VLG 13/02/18;
Elasmopus thalyae;Elasmopus spp.;;;;Modif VLG 13/02/18;
Electra pilosa;SUPPRIME;;;;Post-Reunion 19/01/17;
Eledone cirrhosa;SUPPRIME;;;;Reunion 25/05/20;
Emarginula fissura;Emarginula rosea;;;;Modif VLG 13/02/18;Chgt de rosea en fissura dans la base Marben correspond √† l'arret de l'identif par Michel le Duff. En rade et dans le Maerl ici, il n'y aurait que du rosea.
Ensis;Ensis sp.;;;;Reunion 25/05/20;
Entelurus aequoreus;SUPPRIME;Herbiers Intertidaux;Carotte;;M2;
Ephesiella abyssorum;Sphaerodoridae spp.;;;;Reunion 19/01/17;
Ephesiella cantonei;Sphaerodoridae spp.;;;;Reunion 19/01/17;
Ephesiella peripatus;Sphaerodoridae spp.;;;;Reunion 20/02/17;
Epilepton clarkiae;SUPPRIME;;;;Reunion 20/02/17;
Ericthonius difformis;Ericthonius punctatus;;;;M2;Herbiers Intertidaux
Ericthonius sp.;Ericthonius punctatus;;;;M2;Herbiers Intertidaux
Erinaceusyllis erinaceus;Syllidae spp.;;;;Reunion 20/02/17;
Esperiopsis sp.;Porifera spp.;;;;Reunion 20/02/17;
Eteone flava;Mysta picta;;;;Post-reunion 19/01/17;
Euchone southerni;Euchone rosea;;;;Reunion 25/05/20;
Euclymene;Euclymene spp.;;;;Reunion 25/05/20;
Euclymene droebachiensis;Euclymene spp.;;;;Reunion 19/01/17;
Euclymene lombricoides;Euclymene spp.;;;;Reunion 19/01/17;
Euclymene oerstedi;Euclymene spp.;;;;Reunion 19/01/17;
Euclymene oerstedii;Euclymene spp.;;;;Reunion 25/05/20;
Euclymene palermitana;Euclymene spp.;;;;Reunion 25/05/20;
Euclymene santandarensis;Euclymene spp.;;;;Reunion 19/01/17;
Euclymene santanderensis;Macroclymene santanderensis;;;;Correction 11/05/20;Actualisation du nom dans worms
Euclymene sp.;Euclymene spp.;;;;Reunion 19/01/17;
Euclymene spA;Euclymene spp.;;;;Reunion 25/05/20;
Euclymene spp.;SUPPRIME;Herbiers Intertidaux;Haveneau;;M2;Attention : faire changements de nom avant suppression 
Eulalia brunnea;Eulalia spp.;;;;Reunion 25/05/20;
Eulalia expusilla;Eulalia spp.;;;;Reunion 19/01/17;
Eulalia fuscescens;Eulalia spp.;;;;Reunion 19/01/17;
Eulalia parva;Eumida parva;;;;Modif 01/02/18;
Eulalia sp.;Eulalia spp.;;;;Reunion 19/01/17;
Eulalia viridis;Eulalia clavigera;;;;Reunion 19/01/17;Confirme par Caro
Eulima sp.;Melanella alba;;;;Reunion 20/02/17;Melanella pseudoglabra verifie par Roscoff
Eumida arctica;Eumida spp.;;;;Reunion 25/05/20;
Eumida bahusiensis;Eumida spp.;;;;Reunion 19/01/17;
Eumida punctifera;Eumida spp.;;;;Reunion 19/01/17;
Eumida sanguinea;Eumida spp.;;;;Reunion 19/01/17;
Eumida sp.;Eumida spp.;;;;Reunion 19/01/17;
Eunice sp.;Eunice vittata;;;;Reunion 20/02/17;MA
Eunice sp1;Eunice vittata;;;;Reunion 25/05/20;
Eunice sp2;Eunice vittata;;;;Reunion 25/05/20;
Eunice sp3;Eunice vittata;;;;Reunion 25/05/20;
Eunicidae sp1;SUPPRIME;;;;Reunion 12/05/16;
Euphausiacea spp.;SUPPRIME;Herbiers Intertidaux;;;M2;
Euphrosine armadillo;Euphrosine foliosa;;;;Modif pre-tri MA 2013;Espece qui apparait en 2012 en Rade et sur laquelle Vincent n'est pas s√ªr des distinctions et de si elle a pu √™tre loupee avant
Eupolymnia sp.;Eupolymnia nebulosa;;;;Reunion 25/05/20;
Eurydice naylori;Eurydice affinis;;;;Reunion 25/05/20;
Eurynome sp.;Eurynome spinosa;;;;Verif 18/03/17;
Eurysyllis sp.;Eurysyllis tuberculata;;;;Reunion 19/01/17;
Eusyllinae sp.;Syllis spp.;;;;Reunion 25/05/20;
Eusyllis assimilis;Eusyllis spp.;;;;Reunion 19/01/17;
Eusyllis blomstrandi;Eusyllis spp.;;;;Reunion 19/01/17;
Eusyllis sp.;Eusyllis spp.;;;;Reunion 19/01/17;
Eusyllis sp2;Eusyllis spp.;;;;Reunion 19/01/17;
Exogone (Exogone) naidina;Exogone spp.;;;;Post-reunion 19/01/17;Herbiers Intertidaux
Exogone naidina;Exogone spp.;;;;Reunion 25/05/20;
Exogone sp.;Exogone spp.;;;;Post-reunion 19/01/17;
Exogone verugera;Exogone spp.;;;;Modif VLG 13/02/18;
Exosphaeroma sp.;Sphaeroma serratum;;;;Reunion 12/05/16;Herbiers Intertidaux
Facelina;Facelina spp.;;;;Reunion 25/05/20;
Facelina annulicornis;Facelina spp.;;;;Reunion 25/05/20;
Facelina bostoniensis;Facelina spp.;;;;Reunion 20/02/17;Revision reunion 25/05/20 : sp. -> spp.
Facelina sp.;Facelina spp.;;;;Reunion 25/05/20;
Facelinidae sp.;Facelina spp.;;;;Reunion 20/02/17;Revision reunion 25/05/20 : sp. -> spp.
Fimbriosthenelais minor;Fimbriosthenelais spp.;;;;Verif 18/03/17;
Fimbriosthenelais zetlandica;Fimbriosthenelais spp.;;;;Verif 18/03/17;
Fissurellidae;Fissurellidae spp.;;;;Reunion 25/05/20;
Flabelligeridae spp.;SUPPRIME;;;;Reunion 20/02/17;
Flustra foliacea;SUPPRIME;;;;Post-Reunion 19/01/17;
Gadidae;SUPPRIME;;;;Reunion 25/05/20;
Gaidropsarus sp.;Gaidropsarus vulgaris;;;;Reunion 20/02/17;
Gammaropsis lobata;Gammaropsis maculata;;;;Reunion 20/02/17;
Gammaropsis nitida;Gammaropsis maculata;;;;Reunion 12/05/16;Herbiers Intertidaux
Gammaropsis sophiae;Gammaropsis maculata;;;;Reunion 20/02/17;
Gammarus crinicornis;Gammarus spp.;;;;Reunion 19/01/17;
Gammarus insensibilis;Gammarus spp.;;;;Reunion 19/01/17;
Gammarus locusta;Gammarus spp.;;;;Reunion 19/01/17;
Gammarus oceanicus;Gammarus spp.;;;;Reunion 19/01/17;
Gammarus salinus;Gammarus spp.;;;;Reunion 19/01/17;
Gammarus sp.;Gammarus spp.;;;;Reunion 19/01/17;
Gibbomodiola adriatica;Modiolus adriaticus;;;;Correction 04/02/20;Actualisation du nom dans worms
Gibbula sp.;SUPPRIME;Intertidal Meuble;;;Reunion 12/05/16;
Gibbula sp.;SUPPRIME;Herbiers Intertidaux;;;Reunion 12/05/16;
Gibbula sp.;SUPPRIME;Bancs de Maerl;;;Reunion 25/05/20;
Gitana sarsi;Amphilochidae spp.;;;;Reunion 20/02/17;
Gitanopsis bispinosa;Amphilochidae spp.;;;;M2;Herbiers Intertidaux
Glycera;Glycera tridactyla;Subtidal Meuble;;;Reunion 25/05/20;
Glycera alba;Glycera tridactyla;;;;Reunion 12/05/16;Les alba reidentifiees par VLG etaient en fait des tridactyla mais il ne les a pas toutes reverifiee et alba existe en bretagne, mais vu qu'apres 2012 on a presque que des trydactyla, pour ne pas creer de patrons : trydactyla, m√™me √† Roscoff
Glycera capitata;Glycera spp.;;;;Reunion 19/01/17;Pour l'instant, on garde lapidum, tridactyla
Glycera celtica;Glycera spp.;;;;Reunion 19/01/17;Pour l'instant, on garde lapidum, tridactyla
Glycera fallax;Glycera spp.;;;;Reunion 19/01/17;Pour l'instant, on garde lapidum, tridactyla
Glycera oxycephala;Glycera spp.;;;;Reunion 19/01/17;Pour l'instant, on garde lapidum, tridactyla
Glycera rouxii;Glycera spp.;;;;Reunion 19/01/17;Pour l'instant, on garde lapidum, tridactyla
Glycera sp.;Glycera spp.;;;;Reunion 19/01/17;Pour l'instant, on garde lapidum, tridactyla
Glycera sp1;Glycera spp.;;;;These Nolwenn;Pour l'instant, on garde lapidum, tridactyla
Glycera tesselata;Glycera spp.;;;;Modif VLG 13/02/18;
Glycera unicornis;Glycera spp.;;;;Reunion 19/01/17;Pour l'instant, on garde lapidum, tridactyla
Glyceridae sp.;Glycera spp.;;;;Reunion 19/01/17;Pour l'instant, on garde lapidum, tridactyla
Gnathia maxillaris;Gnathia spp.;;;;Reunion 25/05/20;
Gnathia oxyuraea;Gnathia spp.;;;;Reunion 20/02/17;
Gnathia sp.;Gnathia spp.;;;;Reunion 20/02/17;
Gnathia vorax;Gnathia spp.;;;;Reunion 20/02/17;
Gobiidae sp.;SUPPRIME;;;;Reunion 20/02/17;
Gobius sp.;Pomatoschistus minutus;;;;Reunion 12/05/16;Herbiers Intertidaux & MA
Gobiusculus flavescens;SUPPRIME;;Carotte;;Reunion 12/05/16;
Gobiusculus flavescens;SUPPRIME;;Benne;;These Nolwenn;
Golfingia (Golfingia) vulgaris;Golfingia (Golfingia) vulgaris vulgaris;;;;Reunion 25/05/20;
Goniada emerita;Goniada spp.;;;;Reunion 12/05/16;
Goniada maculata;Goniada spp.;;;;Reunion 19/01/17;
Goniada norvegica;Goniada spp.;;;;Reunion 12/05/16;
Goniada sp.;Goniada spp.;;;;Reunion 12/05/16;
Goniadella bobrezkii;Goniadella spp.;;;;These Nolwenn;
Goniadella gracilis;Goniadella spp.;;;;These Nolwenn;
Goniadella sp.;Goniadella spp.;;;;Reunion 19/01/17;
Gymnammodytes cicerelus;Gymnammodytes semisquamatus;;;;Reunion 25/05/20;
Gyptis rosea;Neogyptis rosea;;;;Correction 04/02/20;Actualisation du nom dans worms
Halcampa;Halcampa spp.;;;;Reunion 25/05/20;
Halcampa chrysantellum;Halcampa spp.;;;;Reunion 19/01/17;
Halcampa chrysanthellum;Halcampa spp.;;;;Reunion 25/05/20;
Halcampa sp.;Halcampa spp.;;;;Reunion 19/01/17;
Halcampa sp1;Halcampa spp.;;;;Reunion 19/01/17;
Halcampidae sp.;Halcampa spp.;;;;Reunion 25/05/20;
Halichondria (Halichondria) panicea;Halichondria sp.;;;;Reunion 25/05/20;
Haliclona (Gellius) rava;Haliclona spp.;;;;Reunion 19/01/17;
Haliclona (Haliclona) oculata;Haliclona spp.;;;;Reunion 19/01/17;
Haliclona sp.;Haliclona spp.;;;;Reunion 19/01/17;
Haliclystus sp.;Haliclystus auricula;;;;M2;Herbiers Intertidaux
Haplostylus normani;Mysida spp.;;;;Reunion 20/02/17;
Harmothoe;Harmothoe spp.;;;;Reunion 25/05/20;
Harmothoe aspera;Harmothoe impar;;;;Reunion 20/02/17;
Harmothoe bellani;Harmothoe spp.;;;;Reunion 25/05/20;
Harmothoe fernandi;Harmothoe impar;;;;Reunion 20/02/17;
Harmothoe fraserthomsoni;Harmothoe impar;;;;Reunion 20/02/17;
Harmothoe mariannae;Harmothoe spp.;;;;Reunion 25/05/20;
Harmothoe pagenstecheri;Harmothoe spp.;;;;Reunion 19/01/17;
Harmothoe sp.;Harmothoe spp.;;;;Reunion 19/01/17;
Hediste diversicolor;Nereis spp.;;;;M2;Present qu'en Intertidal Meuble et Herbiers Intertidaux
Hedylopsis sp.;SUPPRIME;;;;Reunion 25/05/20;
Hesione pantherina;Hesione splendida;;;;Modif VLG 13/02/18;
Hesione sicula;Hesione splendida;;;;Correction 04/02/20;Actualisation du nom dans worms
Hesione sp.;Hesione splendida;;;;Reunion 25/05/20;
Hesionura sp.;Phyllodocidae spp.;;;;Reunion 20/02/17;
Heteroclymene robusta;Maldanidae spp.;;;;M2;Herbiers Intertidaux
Heteromysis (Heteromysis) formosa;Heteromysis sp.;;;;Reunion 25/05/20;
Heteromysis (Heteromysis) norvegica;Mysida spp.;;;;Reunion 20/02/17;
Hexacorallia sp.;SUPPRIME;;;;Reunion 20/02/17;
Hiatella sp.;Hiatella arctica;;;;Reunion 20/02/17;
Hilbigneris pleijeli;Hilbigneris gracilis;;;;Reunion 19/01/17;
Hippolyte sp.;Hippolyte varians;;;;Reunion 12/05/16;Herbiers Intertidaux
Hippolytidae;Hippolytidae spp.;;;;Reunion 25/05/20;
Hippomedon sp.;Hippomedon denticulatus;;;;Reunion 12/05/16;Intertidal Meuble
Hirudinea sp.;Oceanobdella sp.;;;;M2;Herbiers Intertidaux
Holothuriidae sp.;Holothuroidea spp.;;;;Reunion 19/01/17;
Holothurioidea sp1;Holothuroidea spp.;;;;Reunion 19/01/17;
Holothurioidea spp.;Holothuroidea spp.;;;;Reunion 19/01/17;
Holothuroidea sp1;Holothuroidea spp.;;;;Reunion 19/01/17;
Hormathiidae spp.;Actiniaria spp.;;;;These Nolwenn;Intertidal Meuble
Hyale perieri;Hyale stebbingi;;;;Reunion 12/05/16;Herbiers Intertidaux
Hyale sp.;Hyale stebbingi;;;;Reunion 12/05/16;Herbiers Intertidaux
Hyperoplus immaculatus;Hyperoplus lanceolatus;;;;These Nolwenn;Intertidal Meuble
Hyperoplus lanceolatus;SUPPRIME;;;;Reunion 20/02/17;MA & IM : Changer nom avant suppression
Ianiropsis breviremis;Janira maculosa;;;;Reunion 19/01/17;
Idotea granulosa;Idotea spp.;;;;Reunion 19/01/17;
Idoteidae sp.;SUPPRIME;;;;Reunion 12/05/16;Intertidal Meuble
Idunella longirostris;Sextonia longirostris;;;;Modif VLG 13/02/18;
Inachus sp.;SUPPRIME;;;;Reunion 25/05/20;
Inermonephtys inermis;Nephtys spp.;;;;Reunion 20/02/17;
Iphinoe serrata;Iphinoe spp.;;;;Reunion 12/05/16;Present qu'en Intertidal Meuble et Herbiers Intertidaux
Iphinoe sp.;Iphinoe spp.;;;;Reunion 19/01/17;
Iphinoe tenella;Iphinoe spp.;;;;Reunion 19/01/17;
Ischyrocerus anguipes;SUPPRIME;;;;Reunion 20/02/17;
Isopoda sp.;SUPPRIME;;;;Reunion 20/02/17;
Janiropsis sp.;Ianiropsis sp.;;;;Modif 01/02/18;
Janua sp.;Spirobranchus spp.;;;;M2;Herbiers Intertidaux
Jassa gruneri;Jassa sp.;;;;Reunion 25/05/20;
Johnstonia clymenoides;Maldanidae spp.;;;;M2;Present qu'en Intertidal Meuble et Herbiers Intertidaux
Jorunna tomentosa;Nudibranchia spp.;;;;Reunion 20/02/17;
Jujubinus sp.;Jujubinus striatus;;;;M2;Herbiers Intertidaux + attention  : problemes d'identification entre exasperatus et striatus au depart mais on laisse ici car negligeable √† partir de 2006 pour nous potentiellement
Kefersteinia cirrhata;Psamathe fusca;;;;Reunion 19/01/17;
Kirkegaardia dorsobranchialis;Kirkegaardia spp.;;;;Reunion 19/01/17;
Kirkegaardia heterochaeta;Kirkegaardia spp.;;;;Reunion 19/01/17;
Kirkegaardia sp.;Kirkegaardia spp.;;;;Reunion 19/01/17;
Kurtiella bidentata;SUPPRIME;Herbiers Intertidaux;Haveneau;;M2;
Lacuna crassior;Lacuna parva;;;;Reunion 25/05/20;
Lacuna pallidula;SUPPRIME;Herbiers Intertidaux;Carotte;;M2;
Lacuna parva;SUPPRIME;Herbiers Intertidaux;Carotte;;M2;
Lacuna vincta;SUPPRIME;Herbiers Intertidaux;Carotte;;M2;
Lanice conchilega;SUPPRIME;Herbiers Intertidaux;Haveneau;;M2;
lanice conchilega;Lanice conchilega;;;;Reunion 25/05/20;
Laonice cirrata;Laonice bahusiensis;;;;Reunion 19/01/17;
Laonice sp.;Laonice bahusiensis;;;;Reunion 19/01/17;
Leiochone johnstoni;Leiochone leiopygos;;;;Reunion 20/02/17;
Leiochone leiopygos;SUPPRIME;Herbiers Intertidaux;Haveneau;;M2;
Lekanesphaera levii;Lekanesphaera spp.;;;;Modif VLG 13/02/18;
Lekanesphaera monodi;Lekanesphaera spp.;;;;Reunion 12/05/16;Intertidal Meuble
Lekanesphaera rugicauda;Lekanesphaera spp.;;;;Reunion 19/01/17;
Lekanesphaera teissieri;Lekanesphaera spp.;;;;Reunion 12/05/16;Intertidal Meuble
Lepadogaster sp.;Apletodon dentatus;Herbiers Intertidaux;;;M2;
Lepadogaster sp.;Apletodon dentatus;Bancs de Maerl;;;Reunion 19/01/17;Roscoff inchange car verification faite par caro.
Lepidonotus clava;Lepidonotus spp.;;;;Reunion 19/01/17;
Lepidonotus sp.;Lepidonotus spp.;;;;Reunion 19/01/17;
Lepidonotus squamatus;Lepidonotus spp.;;;;Reunion 19/01/17;
Leptochelia savignyi;Tanaidacea spp.;;;;Post-reunion 19/01/17;
Leptomysis sp.;Mysida spp.;;;;Reunion 20/02/17;
Lepton sp.;SUPPRIME;;;;Reunion 20/02/17;
Leptoplana sp.;Leptoplana spp.;;;;Reunion 19/01/17;
Leptoplana tremellaris;Leptoplana spp.;;;;Reunion 19/01/17;
Leptoplanidae sp.;Leptoplana spp.;;;;Reunion 25/05/20;
Leptosynapta cruenta;Leptosynapta spp.;;;;Reunion 12/05/16;Herbiers Intertidaux
Leptosynapta galliennii;Leptosynapta spp.;;;;Reunion 19/01/17;
Leptosynapta inhaerens;Leptosynapta spp.;;;;Reunion 19/01/17;
Leptosynapta minuta;Leptosynapta spp.;;;;Reunion 19/01/17;
Leptosynapta sp.;Leptosynapta spp.;;;;Reunion 19/01/17;
Leuconia sp.;Porifera spp.;;;;Reunion 20/02/17;
Leucosolenia complicata;Porifera spp.;;;;Reunion 20/02/17;
Leucosolenia sp.;Porifera spp.;;;;Reunion 20/02/17;
Leucothoe lilljeborgi;Leucothoe spp.;;;;M2;Present qu'en Intertidal Meuble et Herbiers Intertidaux
Leucothoe richiardii;Leucothoe spp.;;;;Reunion 19/01/17;
Leucothoe sp.;Leucothoe spp.;;;;Reunion 25/05/20;
Ligia oceanica;Idotea spp.;;;;Reunion 19/01/17;
Liljeborgia sp.;Liljeborgia pallida;;;;Reunion 20/02/17;
Limacia clavigera;Nudibranchia spp.;;;;Reunion 20/02/17;
Limatula sp.;Limaria loscombi;;;;Reunion 20/02/17;
Lineus sp.;Nemertea spp.;;;;Reunion 19/01/17;
Lineus sp1;Nemertea spp.;;;;Reunion 19/01/17;
Lineus sp2;Nemertea spp.;;;;These Nolwenn;
Liocarcinus sp.;Liocarcinus navigator;;;;Reunion 20/02/17;
Littorina fabalis;Littorina obtusata;;;;M2;Herbiers Intertidaux
Loricifera sp.;SUPPRIME;;;;Post-reunion 19/01/17;
Loripes orbiculatus;SUPPRIME;Herbiers Intertidaux;Haveneau;;M2;Attention : faire changements de nom avant suppression 
Loxosomella phascolosomata;Loxosomella spp.;;;;Reunion 25/05/20;
Loxosomella sp.;Loxosomella spp.;;;;Reunion 25/05/20;
Lucinoma borealis;SUPPRIME;Herbiers Intertidaux;Haveneau;;M2;
Lumbrineridae sp.;Lumbrineridae spp.;;;;Verif 18/03/17;
Lumbrinerides amoureuxi;Lumbrineridae spp.;;;;Verif 18/03/17;
Lumbrineriopsis;Lumbrineris spp.;;;;Reunion 25/05/20;
Lumbrineris;Lumbrineris spp.;;;;Reunion 25/05/20;
Lumbrineris aniara;Lumbrineris spp.;;;;Reunion 19/01/17;
Lumbrineris cingulata;Lumbrineris spp.;;;;Reunion 19/01/17;
Lumbrineris coccinea;Lumbrineris spp.;;;;Reunion 19/01/17;
Lumbrineris futilis;Lumbrineris spp.;;;;Reunion 19/01/17;
Lumbrineris gracilis;Lumbrineris spp.;;;;Reunion 19/01/17;Tous les Lumbrineris en spp.
Lumbrineris impatiens;Lumbrineris spp.;;;;Reunion 19/01/17;
Lumbrineris japonica;Lumbrineris spp.;;;;Reunion 19/01/17;
Lumbrineris latreilli;Lumbrineris spp.;;;;Reunion 19/01/17;
Lumbrineris luciliae;Lumbrineris spp.;;;;Reunion 25/05/20;
Lumbrineris lusitanica;Lumbrineris spp.;;;;Reunion 19/01/17;
Lumbrineris sp.;Lumbrineris spp.;;;;Reunion 19/01/17;
Lumbrineris sp1;Lumbrineris spp.;;;;Verif 18/03/17;
Lumbrineris sp2;Lumbrineris spp.;;;;Verif 18/03/17;
Lysianassa caesarea;Lysianassa ceratina;;;;Reunion 20/02/17;Confirme par Caro
Lysidice hebes;Lysidice unicornis;;;;Reunion 25/05/20;
Macoma balthica;Limecola balthica;;;;Correction 04/02/20;Actualisation du nom dans worms
Macroclymene santanderensis;SUPPRIME;Herbiers Intertidaux;Haveneau;;Reunion 12/05/16;
Macropodia longirostris;Macropodia tenuirostris;;;;Reunion 20/02/17;
Macropodia sp.;Macropodia rostrata;;;;Reunion 19/01/17;HI Sainte-Marguerite et MA Glenan
Mactra sp.;Mactra stultorum;;;;Reunion 20/02/17;
Maera sp.;Maera grossimana;;;;Reunion 20/02/17;
Maerella tenuimana;Cheirocratus sundevallii;;;;Reunion 20/02/17;
Maeridae;SUPPRIME;;;;Reunion 25/05/20;
Magallana gigas;Crassostrea gigas;;;;Modif 02/02/18;
Magelona equilamellae;Magelona sp.;;;;Reunion 25/05/20;
Magelona mirabilis;Magelona filiformis;;;;Post-reunion 19/01/17;Probleme en IM donc on fusionne m√™me √† Roscoff (m√™me s'ils sont revenus sur leur donnee)
Magelona rosea;Magelona alleni;;;;These Nolwenn;Intertidal Meuble
Maja squinado;Maja brachydactyla;;;;Modif VLG 13/02/18;D'apres Neumann 1998
Malacoceros;Malacoceros spp.;;;;Reunion 25/05/20;
Malacoceros fuliginosus;SUPPRIME;Herbiers Intertidaux;Haveneau;;M2;
Malacoceros girardi;SUPPRIME;Herbiers Intertidaux;Haveneau;;M2;Attention : verifier absence de Malacoceros girardii aussi
Malacoceros sp.;Malacoceros spp.;;;;Reunion 19/01/17;
Malacoceros spp.;SUPPRIME;Herbiers Intertidaux;Haveneau;;Reunion 12/05/16;Suppression de M. vulgaris transforme en sp. (car ecrit de sorte que chgt avant suppression)
Malacoceros tetracerus;Malacoceros spp.;;;;Reunion 19/01/17;
Malacoceros vulgaris;Malacoceros spp.;;;;Reunion 19/01/17;
Maldane sarsi;Maldanidae spp.;;;;Verif 18/03/17;
Maldanidae sp.;Maldanidae spp.;;;;Reunion 19/01/17;
Maldanidae sp1;Maldanidae spp.;;;;These Nolwenn;Intertidal Meuble
Malmgrenia;Malmgrenia spp.;;;;Reunion 25/05/20;
Malmgrenia sp.;Malmgrenia spp.;;;;Reunion 25/05/20;
Malmgreniella;Malmgrenia spp.;;;;Reunion 25/05/20;
Malmgreniella arenicolae;Malmgrenia arenicolae;;;;Reunion 19/01/17;
Malmgreniella castanea;Malmgrenia castanea;;;;Reunion 19/01/17;
Malmgreniella darbouxi;Malmgrenia darbouxi;;;;Reunion 19/01/17;
Malmgreniella ljungmani;Malmgrenia ljungmani;;;;Reunion 19/01/17;
Malmgreniella lunulata;Malmgrenia arenicolae;;;;Reunion 19/01/17;
Malmgreniella marphysae;Malmgrenia marphysae;;;;Reunion 19/01/17;
Malmgreniella mcintoshi;Malmgrenia mcintoshi;;;;Reunion 19/01/17;
Malmgreniella sp.;Malmgrenia spp.;;;;Reunion 19/01/17;
Mangelia coarctata;Mangelia costata;;;;Reunion 19/01/17;
Marphysa bellii;Paucibranchia bellii;;;;Correction 04/02/20;Actualisation du nom dans worms
Marphysa sp.;Marphysa sanguinea;;;;Reunion 20/02/17;MA
Mediomastus fragilis;Heteromastus filiformis;;;;Reunion 19/01/17;Mal identifie en intertidal : fusion √† confirmer ?
Megalomma sp.;Acromegalomma spp.;;;;Correction 04/02/20;Actualisation du nom dans worms
Megalomma vesiculosum;Acromegalomma spp.;;;;M2;
Melinna palmata;SUPPRIME;Herbiers Intertidaux;Haveneau;;M2;
Melita dentata;Megamoera dentata;;;;Correction 04/02/20;Actualisation du nom dans worms
Melita sp.;Abludomelita gladiosa;Subtidal Meuble;;;Reunion 20/02/17;
Melita sp.;Melita palmata;Intertidal Meuble;;;Post-reunion 19/01/17;IM et SM
Melitidae sp.;Melitidae spp.;;;;Reunion 19/01/17;
Melitidae sp1;Melitidae spp.;;;;Reunion 19/01/17;
Melphidippidae sp.;Megaluropus agilis;;;;Reunion 20/02/17;
Mesacmaea mitchellii;SUPPRIME;;;;Reunion 25/05/20;
Metridium senile;Actiniaria spp.;;;;These Nolwenn;Intertidal Meuble
Microchirus variegatus;Solea spp.;;;;M2;Herbiers Intertidaux
Microjassa cumbrensis;Jassa sp.;;;;Reunion 19/01/17;
Micromaldane ornithochaeta;Maldanidae spp.;;;;These Nolwenn;Intertidal Meuble
Microspio mecznikowianus;Microspio spp.;;;;Post-reunion 19/01/17;
Microspio sp.;Microspio spp.;;;;Post-reunion 19/01/17;
Microspio spp.;SUPPRIME;Herbiers Intertidaux;Haveneau;;M2;
Modiolarca subpicta;Musculus subpictus;;;;Reunion 19/01/17;
Modiolus modiolus;Modiolus barbatus;;;;Post-reunion 19/01/17;HI & MA
Modiolus sp.;Modiolus barbatus;;;;Reunion 20/02/17;
Monia patelliformis;Pododesmus patelliformis;;;;Modif VLG 13/02/18;
Monia squama;Anomia ephippium;;;;Reunion 20/02/17;
Monocorophium acherusicum;Monocorophium sextonae;;;;Reunion 12/05/16;Intertidal Meuble
Monoculodes carinatus;Kroyera carinata;;;;Modif VLG 13/02/18;
Montacuta phascolionis;Phascoliophila phascolionis;;;;;
Munida rugosa;SUPPRIME;;;;Reunion 20/02/17;
Myoxocephalus scorpius;Taurulus bubalis;;;;Reunion 19/01/17;
Myrianida pinnigera;Myrianida spp.;;;;Reunion 19/01/17;
Myrianida prolifera;Myrianida spp.;;;;Reunion 19/01/17;
Myrianida quindecimdentata;Myrianida spp.;;;;Verif 18/03/17;
Myrianida sp.;Myrianida spp.;;;;Reunion 19/01/17;
Myrianida sp1;Myrianida spp.;;;;Reunion 25/05/20;
Mysida;Mysida spp.;;;;Reunion 25/05/20;
Mysida sp.;Mysida spp.;;;;Reunion 19/01/17;
Mysidacae sp.;Mysida spp.;;;;Reunion 19/01/17;
Mysidacea spp.;Mysida spp.;;;;Reunion 19/01/17;
Mysidae sp.;Mysida spp.;;;;Reunion 19/01/17;
Mystides caeca;Pseudomystides limbata;;;;Reunion 20/02/17;
Mytilus edulis;Mytilus spp.;;;;Reunion 19/01/17;
Mytilus galloprovincialis;Mytilus spp.;;;;Reunion 19/01/17;
Mytilus sp.;Mytilus spp.;;;;Reunion 25/05/20;
Neanthes acuminata;SUPPRIME;Herbiers Intertidaux;Haveneau;;M2;
Neanthes caudata;Neanthes acuminata;;;;M2;
Neanthes fucata;Nereis spp.;;;;Modif VLG 13/02/18;
Neanthes sp.;Nereis spp.;;;;Modif VLG 13/02/18;
Nebalia bipes;Nebaliidae sp.;;;;Reunion 19/01/17;
Nebalia herbstii;Nebaliidae sp.;;;;Modif 31/01/18;
Nebalia kocatasi;Nebaliidae sp.;;;;Modif 31/01/18;
Nebalia reboredae;Nebalia spp.;;;;Reunion 25/05/20;
Nebalia sp.;Nebalia spp.;;;;Reunion 25/05/20;
Nebalia strausi;Nebalia spp.;;;;Reunion 25/05/20;
Nebalia troncosoi;Nebaliidae sp.;;;;Modif 31/01/18;
Nematoda sp.;SUPPRIME;;;;Reunion 19/01/17;
Nematoda sp1;SUPPRIME;;;;Reunion 19/01/17;
Nematoda spp.;SUPPRIME;;;;Reunion 19/01/17;
Nematonereis unicornis;Lysidice unicornis;;;;Correction 11/05/20;Actualisation du nom dans worms
Nemerta sp.;Nemertea spp.;;;;Reunion 19/01/17;
Nemerta sp1;Nemertea spp.;;;;These Nolwenn;Intertidal Meuble
Nemerta sp2;Nemertea spp.;;;;These Nolwenn;Intertidal Meuble
Nemerta sp4;Nemertea spp.;;;;These Nolwenn;Intertidal Meuble
Nemerta spp.;Nemertea spp.;;;;Reunion 19/01/17;
Nemertea;Nemertea spp.;;;;Reunion 25/05/20;
Nemertea sp.;Nemertea spp.;;;;Reunion 19/01/17;
Nemertea sp.2;Nemertea spp.;;;;Reunion 19/01/17;
Nemertea sp.4;Nemertea spp.;;;;Reunion 19/01/17;
Nemertea sp2;Nemertea spp.;;;;Reunion 25/05/20;
Nemertea sp4;Nemertea spp.;;;;Reunion 25/05/20;
Neoamphitrite edwardsi;SUPPRIME;Herbiers Intertidaux;Haveneau;;Reunion 12/05/16;
Neoamphitrite figulus;SUPPRIME;Herbiers Intertidaux;Haveneau;;M2;
Neomysis integer;Mysida spp.;;;;Reunion 19/01/17;
Neomysis sp.;Mysida spp.;;;;M2;Herbiers Intertidaux
Nephasoma (Nephasoma) minutum;Nephasoma spp.;;;;Reunion 20/02/17;
Nephasoma (Nephasoma) rimicola;Nephasoma spp.;;;;Reunion 20/02/17;
Nephtyidae;Nephtys spp.;;;;Reunion 25/05/20;
Nephtys;Nephtys spp.;;;;Reunion 25/05/20;
Nephtys assimilis;Nephtys cf. hombergii;;;;Reunion 19/01/17;
Nephtys caeca;Nephtys cf. hombergii;;;;Reunion 19/01/17;
Nephtys cf. hombergii;SUPPRIME;Herbiers Intertidaux;Haveneau;;M2;
Nephtys ciliata;Nephtys spp.;;;;Reunion 25/05/20;
Nephtys hombergii;Nephtys cf. hombergii;;;;Reunion 19/01/17;
Nephtys hystricis;Nephtys cf. hombergii;;;;Reunion 19/01/17;
Nephtys incisa;Nephtys cf. hombergii;;;;Reunion 19/01/17;
Nephtys kersivalensis;Nephtys cf. hombergii;;;;Reunion 19/01/17;
Nephtys longosetosa;Nephtys cirrosa;;;;Reunion 19/01/17;
Nephtys sp.;Nephtys spp.;;;;Reunion 19/01/17;
Nereididae spp.;Nereis spp.;;;;Reunion 19/01/17;
Nereis fucata;Nereis spp.;;;;Reunion 19/01/17;
Nereis pelagica;Nereis spp.;;;;Reunion 19/01/17;
Nereis rava;Nereis spp.;;;;Reunion 19/01/17;
Nereis sp.;Nereis spp.;;;;Reunion 19/01/17;
Nereis zonata;Nereis spp.;;;;Reunion 19/01/17;
Nerophis lumbriciformis;SUPPRIME;;Benne;;Post-reunion 19/01/17;
Nerophis ophidion;SUPPRIME;;Benne;;Post-reunion 19/01/17;
Nerophis ophidion;SUPPRIME;;Carotte;;M2;
Nerophis sp.;Nerophis lumbriciformis;;;;M2;Herbiers Intertidaux
Nicomache personata;Nicomache lumbricalis;;;;M2;Herbiers Intertidaux
Nicomache sp.;Nicomache lumbricalis;;;;M2;Herbiers Intertidaux
Notomastus exsertilis;Notomastus latericeus;;;;Reunion 19/01/17;
Notomastus latericeus;SUPPRIME;Herbiers Intertidaux;Haveneau;;M2;
Nucella lapillus;SUPPRIME;Herbiers Intertidaux;Haveneau;;Reunion 20/02/17;
Nucula nitidosa;SUPPRIME;Herbiers Intertidaux;Haveneau;;Reunion 12/05/16;
Nucula nucleus;SUPPRIME;Herbiers Intertidaux;Haveneau;;M2;
Nucula turgida;Nucula nitidosa;Subtidal Meuble;;;Modif 01/02/18;M. Le Duff
Nudibranchia sp.;Nudibranchia spp.;;;;Reunion 19/01/17;
Nudisyllis pulligera;Syllidae spp.;;;;Reunion 20/02/17;
Obelia geniculata;SUPPRIME;;;;Reunion 20/02/17;
Ocenebra sp.;Ocenebra erinaceus;;;;Reunion 20/02/17;
Odostomia lukisii;Odostomia spp.;;;;Post-Reunion 19/01/17;
Odostomia plicata;Odostomia spp.;;;;Post-Reunion 19/01/17;
Odostomia sp.;Odostomia spp.;;;;Post-Reunion 19/01/17;
Odostomia unidentata;Odostomia spp.;;;;Post-Reunion 19/01/17;
Oedicerotidae;Oedicerotidae sp.;;;;Reunion 25/05/20;
Oerstedia dorsalis;Nemertea spp.;;;;Reunion 19/01/17;
Oligochaeta;Oligochaeta spp.;;;;;
Oligochaeta sp.;Oligochaeta spp.;;;;Verif 18/03/17;
Oligochaeta sp1;Oligochaeta spp.;;;;M2/These Nolwenn;
Oligochaeta spp.;SUPPRIME;Herbiers Intertidaux;Haveneau;;M2;
Onchidoris muricata;Nudibranchia spp.;;;;Reunion 19/01/17;
Onchidoris sp.;Nudibranchia spp.;;;;Reunion 19/01/17;
Onuphidae;Onuphidae sp.;;;;Reunion 25/05/20;
Onuphis emerita;Onuphis eremita;;;;Reunion 19/01/17;
Ophelia limacina;Ophelia roscoffensis;;;;Verif 18/03/17;
Ophelia rathkei;Ophelia spp.;;;;Reunion 20/02/17;
Ophelia sp.;Ophelia spp.;;;;Reunion 20/02/17;
Ophelina acuminata;Ophelina spp.;;;;Reunion 20/02/17;
Ophelina cylindricaudata;Ophelina spp.;;;;Reunion 20/02/17;
Ophelina modesta;Ophelina spp.;;;;Reunion 20/02/17;
Ophelina sp.;Ophelina spp.;;;;Reunion 20/02/17;
Ophiurida sp.;SUPPRIME;;;;Reunion 12/05/16;1 fois en Herbiers Intertidaux
Opisthodonta longocirrata;Opisthodonta spp.;;;;Reunion 20/02/17;
Opisthodonta serratisetosa;Opisthodonta spp.;;;;Reunion 20/02/17;
Opisthosyllis brunnea;Syllidae spp.;;;;Reunion 20/02/17;
Opistobranchia spp.;Heterobranchia spp.;;;;Modif VLG 13/02/18 : Opisthobranchia spp. puis actualisation worms 25/01/21 : Heterobranchia spp.;
Orbinia cuvierii;Orbinia sertulata;;;;Modif 19/02/18;
Orbinia latreilli;Orbinia latreillii;;;;Reunion 25/05/20;
Orchomene similis;Orchomene humilis;;;;Reunion 20/02/17;
Orchomene sp.;Orchomene humilis;;;;Reunion 20/02/17;
Orchomenella nana;Tryphosa nana;;;;Reunion 19/01/17;Mise √† jour du nom dans le SM
Ostracoda sp.;Ostracoda spp.;;;;Reunion 19/01/17;
Ostracoda spp.;SUPPRIME;;;;Reunion 19/01/17;
Ostrea edulis;Crassostrea gigas;;;;M2;Herbiers Intertidaux
Pachymatisma johnstonia;Porifera spp.;;;;Reunion 20/02/17;
Paguridae spp.;Pagurus spp.;;;;Reunion 20/02/17;
Pagurus alatus;Pagurus spp.;;;;Reunion 25/05/20;
Pagurus carneus;Pagurus bernhardus;;;;Reunion 19/01/17;
Pagurus forbesii;Pagurus bernhardus;;;;Reunion 19/01/17;
Pagurus prideaux;Pagurus bernhardus;;;;Reunion 19/01/17;
Pagurus pubescentulus;Pagurus spp.;;;;Reunion 19/01/17;
Pagurus sp.;Pagurus spp.;;;;Reunion 19/01/17;
Palaemon adspersus;SUPPRIME;;Carotte;;M2;
Palaemon elegans;SUPPRIME;;Carotte;;M2;
Palaemon elegans;SUPPRIME;;Benne;;Post-reunion 19/01/17;
Palaemon serratus;SUPPRIME;;Carotte;;M2;
Palaemon serratus;SUPPRIME;;Benne;;Post-reunion 19/01/17;
Pandalidae sp.;Pandalina brevirostris;;;;Reunion 20/02/17;
Paradialychone filicaudata;Chone spp.;;;;Correction 30/01/18;
Paraehlersia ferrugina;Syllidae spp.;;;;Reunion 20/02/17;
Paragattyana sp.;Gattyana cirrhosa;;;;Verif 18/03/17;
Parajassa pelagica;Jassa sp.;;;;M2;Herbiers Intertidaux et Intertidal Meuble
Parametopa kervillei;Stenothoe spp.;;;;M2;Herbiers Intertidaux
Paramysis (Longidentia) nouveli;Paramysis sp.;;;;Reunion 25/05/20;
Paramysis (Pseudoparamysis) bacescoi;Paramysis sp.;;;;Reunion 25/05/20;
Paranaitis kosteriensis;Eulalia spp.;Herbiers Intertidaux;;;M2;Laisse en Subtidal
Paranaitis kosteriensis;Eulalia spp.;Intertidal Meuble;;;Reunion 12/05/16;Laisse en Subtidal
Paraonidae;Paraonidae spp.;;;;Reunion 25/05/20;
Paraonidae sp.;Paraonidae spp.;;;;Reunion 19/01/17;
Paraonidae sp1;Paraonidae spp.;;;;These Nolwenn;Intertidal Meuble
Paraonis fulgens;Paraonidae spp.;;;;These Nolwenn;
Paraonis sp.;Paraonidae spp.;;;;Reunion 12/05/16;
Parapionosyllis minuta;Syllidae spp.;;;;M2;Herbiers Intertidaux
Pareurythoe chilensis;Pareurythoe borealis;;;;Reunion 20/02/17;
Patella spp.;SUPPRIME;Herbiers Intertidaux;;;Reunion 12/05/16;
Paucibranchia bellii;SUPPRIME;Herbiers Intertidaux;Haveneau;;M2;Marphysa bellii supprime devient paucibranchia bellii supprime le 04/02/20
Pectinaria (Amphictene) auricoma;Amphictene auricoma;;;;Correction 04/12/17;
Peltocoxa brevirostris;Peltocoxa damnoniensis;;;;Post-Reunion 19/01/17;
Perforatus perforatus;Sessilia spp.;;;;Reunion 19/01/17;
Periclimenes sagittifer;SUPPRIME;Herbiers Intertidaux;Carotte;;M2;
Periclimenes sagittifer;SUPPRIME;Bancs de Maerl;;;Post-Reunion 19/01/17;
Perinereis marionii;Perinereis cultrifera;;;;Reunion 19/01/17;
Perkinsiana socialis;Sabellidae spp.;;;;Reunion 20/02/17;
Pestarella tyrrhena;Gilvossius tyrrhenus;;;;Correction 04/02/20;Actualisation du nom dans worms
Petaloproctus sp.;Petaloproctus terricolus;;;;Reunion 20/02/17;
Phalusia mammilata;Phallusia mammillata;;;;Reunion 19/01/17;
Phascolion (Phascolion) strombus;Phascolion (Phascolion) strombus strombus;;;;Reunion 25/05/20;
Pherusa monolifera;Pherusa monilifera;;;;Reunion 19/01/17;
Philine aperta;Philine spp.;;;;Reunion 19/01/17;
Philine punctata;Philine spp.;;;;Reunion 19/01/17;
Philine quadrata;Philine spp.;;;;Reunion 19/01/17;
Philine quadripartita;Philine spp.;;;;Reunion 19/01/17;
Philine sp.;Philine spp.;;;;Reunion 12/05/16;
Philocheras bispinosus bispinosus;Philocheras spp.;;;;Reunion 19/01/17;
Philocheras fasciatus;Philocheras spp.;;;;Reunion 19/01/17;
Philocheras sculptus;Philocheras spp.;;;;Verif 18/03/17;
Philocheras sp.;Philocheras spp.;;;;Reunion 19/01/17;
Philocheras trispinosus;Philocheras spp.;;;;Reunion 19/01/17;
Pholoe assimilis;Pholoe inornata;;;;Modif VLG 13/02/18;
Pholoe baltica;Pholoe inornata;;;;Reunion 19/01/17;
Pholoe sp.;Pholoe inornata;;;;Reunion 19/01/17;
Pholoe synophthalmica;Pholoe inornata;;;;Reunion 19/01/17;
Phoronis;Phoronis spp.;;;;Reunion 25/05/20;
Phoronis muelleri;Phoronis spp.;;;;Reunion 19/01/17;
Phoronis ovalis;Phoronis spp.;;;;Reunion 19/01/17;
Phoronis psammophila;Phoronis spp.;;;;Reunion 12/05/16;
Phoronis sp.;Phoronis spp.;;;;Reunion 19/01/17;
Phoronis spp.;SUPPRIME;Herbiers Intertidaux;Haveneau;;M2;Changements avant suppression
Photis inornatus;Photis longicaudata;;;;Reunion 25/05/20;
phtisica marina;Phtisica marina;;;;Reunion 25/05/20;
Phyllochaetopterus sp1;Phyllochaetopterus sp.;;;;These Nolwenn;Intertidal Meuble
Phyllodoce groenlandica;Phyllodoce spp.;;;;Reunion 20/02/17;
Phyllodoce lamelligera;Phyllodoce spp.;;;;Reunion 20/02/17;
Phyllodoce madeirensis;Phyllodoce spp.;;;;Reunion 12/05/16;Intertidal Meuble
Phyllodoce sp.;Phyllodoce spp.;;;;Reunion 19/01/17;
Phyllodoce sp1;Phyllodoce spp.;;;;These Nolwenn;Intertidal Meuble
Phylo foetida;Orbinia latreillii;;;;Post-Reunion 19/01/17;
Phylo grubei;Orbinia latreillii;;;;Post-Reunion 19/01/17;
Pinnotheres pectunculi;SUPPRIME;;;;Reunion 25/05/20;
Pionosyllis sp.;Syllidae spp.;;;;Reunion 20/02/17;
Pisa nodipes;Pisa tetraodon;;;;Reunion 20/02/17;
Pisces spp.;Pomatoschistus minutus;;;;M2;Herbiers Intertidaux
Pisces;Pomatoschistus minutus;;;;;Herbiers Intertidaux
Pista;Pista spp.;;;;Reunion 25/05/20;
Pista bansei;Pista spp.;;;;Reunion 25/05/20;
Pista cristata;Pista spp.;;;;Reunion 19/01/17;
Pista mediterranea;Pista spp.;;;;Modif 13/02/18;
Pista sp.;Pista spp.;;;;Verif 18/03/17;
Pista sp1;Pista spp.;;;;Verif 18/03/17;
Pista sp2;Pista spp.;;;;Verif 18/03/17;
Pista sp4;Pista spp.;;;;Verif 18/03/17;
Planaria sp.;Platyhelminthes spp.;;;;Reunion 19/01/17;
Planaria sp1;Platyhelminthes spp.;;;;These Nolwenn;
Platyhelminthes sp.;Platyhelminthes spp.;;;;Reunion 19/01/17;
Platynereis coccinea;Platynereis dumerilii;;;;Reunion 25/05/20;
Podarkeopsis capensis;Podarkeopsis sp.;;;;Reunion 25/05/20;
Polititapes aureus;SUPPRIME;Herbiers Intertidaux;Haveneau;;Reunion 12/05/16;
Polititapes rhomboides;SUPPRIME;Herbiers Intertidaux;Haveneau;;M2;
Polycera faeroensis;Nudibranchia spp.;;;;Reunion 12/05/16;Herbiers Intertidaux
Polycera quadrilineata;Nudibranchia spp.;;;;Reunion 12/05/16;Herbiers Intertidaux
Polychaeta spp.;SUPPRIME;;;;Modif VLG 13/02/18;
Polycirrus;Polycirrus spp.;;;;Reunion 25/05/20;
Polycirrus arenivorus;Polycirrus spp.;;;;M2;Herbiers Intertidaux
Polycirrus aurantiacus;Polycirrus spp.;;;;Reunion 19/01/17;
Polycirrus denticulatus;Polycirrus spp.;;;;Modif VLG 13/02/18;
Polycirrus medusa;Polycirrus spp.;;;;Reunion 19/01/17;
Polycirrus sp.;Polycirrus spp.;;;;Reunion 19/01/17;
Polycirrus sp1;Polycirrus spp.;;;;Reunion 19/01/17;
Polycirrus sp2;Polycirrus spp.;;;;Reunion 19/01/17;
Polycirrus spp.;SUPPRIME;Herbiers Intertidaux;Haveneau;;M2;
Polycirrus tenuisetis;Polycirrus spp.;;;;Reunion 19/01/17;
Polydora;Polydora spp.;;;;Reunion 25/05/20;
Polydora ciliata;Polydora spp.;;;;Reunion 19/01/17;
Polydora hoplura;Polydora spp.;;;;Reunion 19/01/17;Changements de la taxo en 2012 Radachevsky
Polydora sp.;Polydora spp.;;;;Reunion 19/01/17;
Polydora spp.;SUPPRIME;Herbiers Intertidaux;Haveneau;;M2;
Polygordius sp.;Polygordius lacteus;;;;Reunion 20/02/17;
Polynoidae sp.;SUPPRIME;;;;Reunion 20/02/17;
Pomatoceros sp.;Spirobranchus spp.;;;;Modif 01/02/18;
Pomatoschistus minutus;SUPPRIME;;Benne;;Post-Reunion 19/01/17;
Pomatoschistus pictus;SUPPRIME;;Carotte;;Post-Reunion 19/01/17;
Pomatoschistus sp.;Pomatoschistus minutus;;;;M2;Herbiers Intertidaux
Pontocrates sp.;Pontocrates altamarinus;;;;Reunion 20/02/17;
Porifera sp.;Porifera spp.;;;;Reunion 20/02/17;
Portunidae sp.;SUPPRIME;;;;M2;Herbiers Intertidaux
Praunus sp.;Praunus flexuosus;;;;These Nolwenn;Intertidal Meuble
Praxillella affinis;Maldanidae spp.;;;;Post-Reunion 19/01/17;
Praxillella gracilis;Maldanidae spp.;;;;Post-Reunion 19/01/17;
Praxillella praetermissa;Maldanidae spp.;;;;Post-Reunion 19/01/17;
Prionospio cirrifera;Prionospio spp.;;;;Reunion 19/01/17;
Prionospio fallax;Prionospio spp.;;;;Reunion 19/01/17;
Prionospio malmgreni;Prionospio spp.;;;;Reunion 19/01/17;
Prionospio multibranchiata;Prionospio spp.;;;;Reunion 19/01/17;
Prionospio pulchra;Prionospio spp.;;;;Reunion 19/01/17;
Prionospio sp.;Prionospio spp.;;;;Reunion 19/01/17;
Prionospio sp1;Prionospio spp.;;;;Reunion 19/01/17;
Prionospio spp.;SUPPRIME;Herbiers Intertidaux;Haveneau;;M2;
Prionospio steenstrupi;Prionospio spp.;;;;Reunion 19/01/17;
Proceraea aurantiaca;Syllidae spp.;;;;Reunion 20/02/17;
Processa canaliculata;Processa spp.;;;;Post-Reunion 19/01/17;
Processa edulis crassipes;Processa spp.;;;;Post-Reunion 19/01/17;
Processa edulis edulis;Processa spp.;;;;Reunion 25/05/20;
Processa nouveli holthuisi;Processa spp.;;;;Post-Reunion 19/01/17;Caro confirme que ce n'est pas du Crassipes mais pb de cle d'identification
Processa sp.;Processa spp.;;;;Post-Reunion 19/01/17;
Proclea graffii;Terebellidae spp.;;;;Reunion 20/02/17;
Proclymene muelleri;Maldanidae spp.;;;;M2;Herbiers Intertidaux et Intertidal Meuble
Pseudocuma (Pseudocuma) longicorne;Pseudocuma (Pseudocuma) simile;;;;M2;Herbiers Intertidaux
Pseudopolydora antennata;Polydora spp.;;;;Reunion 19/01/17;
Pseudopolydora pulchra;Polydora spp.;;;;Reunion 19/01/17;
Pseudopotamilla reniformis;Sabellidae spp.;;;;Modif pre-tri MA 2013;Espece ajoutee lors de l'ajout des complements des pre-tri de maerl 2013 dans la base
Pusillina sp.;Pusillina inconspicua;;;;Reunion 25/05/20;
Pyura sp.;Pyura spp.;;;;Reunion 19/01/17;
Pyura squamulosa;Pyura spp.;;;;Modif VLG 13/02/18;
Pyura tessellata;Pyura spp.;;;;Reunion 19/01/17;
Raphitoma leufroyi;Leufroyia leufroyi;;;;Correction 04/02/20;Actualisation du nom dans worms
Raphitoma linearis;Cyrillia linearis;;;;Correction 04/02/20;Actualisation du nom dans worms
Raspailia (Clathriodendron) hispida;Porifera spp.;;;;Reunion 20/02/17;
Rissoa sp.;Rissoa parva;;;;Reunion 19/01/17;
Rissoidae sp.;Rissoa parva;;;;Reunion 20/02/17;
Ruditapes sp.;Ruditapes philippinarum;;;;Reunion 25/05/20;
Sabella sp.;Sabella pavonina;;;;Reunion 19/01/17;
Sabellidae sp.;Sabellidae spp.;;;;Reunion 19/01/17;
Sabellidae sp1;Sabellidae spp.;;;;Reunion 19/01/17;
Saccocirrus papillocercus;SUPPRIME;;;;Reunion 20/02/17;
Sagartia sp.;SUPPRIME;;;;Reunion 25/05/20;
Schizoporella sp.;SUPPRIME;;;;Reunion 25/05/20;
Scolelepis (Parascolelepis) tridentata;Scolelepis spp.;;;;Reunion 19/01/17;
Scolelepis (Scolelepis) cantabra;Scolelepis spp.;;;;Reunion 19/01/17;
Scolelepis (Scolelepis) foliosa;Scolelepis spp.;;;;M2/These Nolwenn;
Scolelepis (Scolelepis) squamata;Scolelepis spp.;;;;Reunion 19/01/17;
Scolelepis bonnieri;Scolelepis spp.;;;;M2;Herbiers Intertidaux
Scolelepis mesnili;Scolelepis spp.;;;;Reunion 12/05/16;Intertidal Meuble
Scolelepis sp.;Scolelepis spp.;;;;Reunion 19/01/17;
Scoletoma fragilis;Scoletoma spp.;;;;Reunion 19/01/17;
Scoletoma funchalensis;Scoletoma spp.;;;;Reunion 19/01/17;
Scoletoma impatiens;Scoletoma spp.;;;;Reunion 19/01/17;
Scoloplos armiger;Scoloplos (Scoloplos) armiger;;;;Reunion 25/05/20;
Serpula spp.;Serpula vermicularis;;;;Reunion 20/02/17;
Sessilia spp.;SUPPRIME;;;;Modif VLG 13/02/18;
Sigalion sp.;Sigalion mathildae;;;;Reunion 19/01/17;
Sigalion squamosus;Sigalion mathildae;;;;Reunion 19/01/17;
Siphonoecetes;Siphonoecetes sp.;;;;Reunion 25/05/20;
Siphonoecetes (Centraloecetes) kroyeranus;Centraloecetes kroyeranus;;;;Modif VLG 13/02/18;
Siphonoecetes sabatieri;Siphonoecetes sp.;;;;Reunion 25/05/20;
Siphonoecetes striatus;Centraloecetes kroyeranus;;;;Reunion 20/02/17;
Sipunculidae spp.;SUPPRIME;;;;Reunion 20/02/17;
Sipunculus (sipunculus) nudus;Sipunculus (Sipunculus) nudus;;;;Reunion 25/05/20;
Siriella clausii;Mysida spp.;;;;Reunion 19/01/17;
Siriella jaltensis;Mysida spp.;;;;Verif 18/03/17;
Socarnes filicornis;Socarnes erythrophthalmus;;;;Reunion 20/02/17;
Socarnes sp.;Socarnes erythrophthalmus;;;;Reunion 20/02/17;
Solea solea;Solea spp.;;;;Reunion 19/01/17;
Solea sp.;Solea spp.;;;;M2;Herbiers Intertidaux
Solen sp.;Solen marginatus;;;;Reunion 20/02/17;
Solenogastres sp.;SUPPRIME;;;;Reunion 20/02/17;
Spanioplon armaturum;Porifera spp.;;;;Reunion 20/02/17;
Sphaerodoropsis minuta;Sphaerodoridae spp.;;;;Reunion 19/01/17;
Sphaerodorum gracilis;Sphaerodoridae spp.;;;;Reunion 19/01/17;
Sphaerodorum sp.;Sphaerodoridae spp.;;;;Reunion 19/01/17;
Sphaerodorum sp1;Sphaerodoridae spp.;;;;Reunion 19/01/17;
Sphaerosyllis glandulata;Sphaerosyllis spp.;;;;Modif VLG 13/02/18;
Sphaerosyllis hystrix;Sphaerosyllis spp.;;;;Verif 18/03/17;Avant la verif : change que dans MA
Sphaerosyllis ovigera;Sphaerosyllis spp.;;;;Reunion 19/01/17;
Sphaerosyllis sp.;Sphaerosyllis spp.;;;;Reunion 19/01/17;
Sphaerosyllis sp1;Sphaerosyllis spp.;;;;Reunion 19/01/17;
Sphaerosyllis sp2;Sphaerosyllis spp.;;;;Reunion 19/01/17;
Sphaerosyllis sp3;Sphaerosyllis spp.;;;;Reunion 19/01/17;
Sphaerosyllis taylori;Sphaerosyllis spp.;;;;Reunion 25/05/20;
Spio;Spio spp.;;;;Reunion 25/05/20;
Spio arndti;Spio spp.;;;;Reunion 19/01/17;
Spio cf. decoratus;Spio spp.;;;;Reunion 19/01/17;
Spio decorata;Spio spp.;;;;Reunion 25/05/20;
Spio decoratus;Spio spp.;;;;Reunion 19/01/17;
Spio filicornis;Spio spp.;;;;Reunion 19/01/17;
Spio martinensis;Spio spp.;;;;Reunion 19/01/17;
Spio sp.;Spio spp.;;;;Reunion 19/01/17;
Spio sp1;Spio spp.;;;;Reunion 12/05/16;
Spio spp.;SUPPRIME;Herbiers Intertidaux;Haveneau;;M2;
Spio symphyta;Spio spp.;;;;Reunion 19/01/17;
Spiochaetopterus costarum;Spiochaetopterus spp.;;;;Reunion 25/05/20;
Spiochaetopterus solitarius;Spiochaetopterus spp.;;;;Reunion 25/05/20;
Spiochaetopterus sp.;Spiochaetopterus spp.;;;;Correction 30/01/18;
Spiochaetopterus typicus;Spiochaetopterus spp.;;;;Modif VLG 13/02/18;
Spionidae sp.;Spionidae spp.;;;;Reunion 19/01/17;
Spionidae spp.;SUPPRIME;;;;Post-reunion 19/01/17;
Spiophanes kroyeri;Spiophanes bombyx;;;;These Nolwenn;Intertidal Meuble
Spiophanes sp.;Spiophanes bombyx;;;;Post-reunion 19/01/17;
Spirobranchus lamarcki;Spirobranchus spp.;;;;Reunion 19/01/17;
Spirobranchus sp.;Spirobranchus spp.;;;;Reunion 25/05/20;
Spirobranchus triqueter;Spirobranchus spp.;;;;Reunion 19/01/17;Tous les changements HI & IM en triqueter
Spisula;Spisula subtruncata;;;;Reunion 25/05/20;
Spisula sp.;Spisula subtruncata;;;;Reunion 20/02/17;
Stenothoe crassicornis;Stenothoe spp.;;;;M2;Herbiers Intertidaux
Stenothoe marina;Stenothoe spp.;;;;M2;Herbiers Intertidaux & Intertidal meuble
Stenothoe monoculoides;Stenothoe spp.;;;;Reunion 12/05/16;Herbiers Intertidaux
Stenothoe sp.;Stenothoe spp.;;;;Reunion 12/05/16;Herbiers Intertidaux
Stenothoidae sp.;Stenothoe spp.;;;;Reunion 12/05/16;Herbiers Intertidaux
Sthenelais limicola;Sthenelais boa;;;;These Nolwenn;IM & MA & SM
Streptosyllis varians;Syllidae spp.;;;;Reunion 20/02/17;
Styela sp.;Styela clava;;;;M2;Herbiers Intertidaux
Suberites sp.;Suberites ficus;;;;M2;Herbiers Intertidaux
Suberitidae sp.;Suberites ficus;;;;Reunion 19/01/17;
Sunamphitoe pelagica;SUPPRIME;Bancs de Maerl;;;Post-reunion 19/01/17;
Sunamphitoe pelagica;SUPPRIME;Herbiers Intertidaux;Carotte;;M2;
Sycon;Sycon ciliatum;;;;Reunion 25/05/20;
Syllidae;Syllidae spp.;;;;;
Syllidae sp.;Syllidae spp.;;;;Reunion 19/01/17;
Syllides;Syllides spp.;;;;Reunion 25/05/20;
Syllides benedicti;Syllides spp.;;;;Reunion 19/01/17;
Syllides sp.;Syllides spp.;;;;Reunion 19/01/17;
Syllis alternata;Syllis spp.;;;;Post-Reunion 19/01/17;
Syllis amica;Syllis spp.;;;;Post-Reunion 19/01/17;
Syllis armillaris;Syllis spp.;;;;Post-Reunion 19/01/17;
Syllis columbretensis;Syllis spp.;;;;Modif pre-tri MA 2013;Espece qui apparait en 2012 en Rade et sur laquelle Vincent n'est pas s√ªr des distinctions et de si elle a pu √™tre loupee avant
Syllis cornuta;Syllis garciai;;;;Reunion 19/01/17;
Syllis cruzi;Syllis spp.;;;;Post-Reunion 19/01/17;
Syllis krohni;Syllis krohnii;;;;Reunion 25/05/20;
Syllis licheri;Syllis spp.;;;;Reunion 19/01/17;
Syllis parapari;Syllis spp.;;;;Post-Reunion 19/01/17;
syllis parapari;Syllis spp.;;;;Reunion 25/05/20;
Syllis pontxioi;Syllis spp.;;;;Post-Reunion 19/01/17;
Syllis prolifera;Syllis spp.;;;;Reunion 19/01/17;
Syllis sp.;Syllis spp.;;;;Reunion 19/01/17;
Syllis sp1;Syllis spp.;;;;Reunion 19/01/17;
Syllis torquata;Syllis spp.;;;;Reunion 19/01/17;
Synmerosyllis lamelligera;Syllidae spp.;;;;Reunion 20/02/17;
Tanaopsis graciloides;Tanaidacea spp.;;;;Reunion 19/01/17;
Tapes sp.;Ruditapes philippinarum;;;;Reunion 12/05/16;Herbiers Intertidaux & Intertidal meuble
Taurulus bubalis;SUPPRIME;;Carotte;;Post-reunion 19/01/17;
Taurulus bubalis;SUPPRIME;;Benne;;Post-reunion 19/01/17;
Tellimya ferruginosa;Kurtiella bidentata;;;;Reunion 19/01/17;
Tellina sp.;Tellinidae spp.;;;;Reunion 19/01/17;
Tellinidae;Tellinidae spp.;;;;Reunion 25/05/20;
Terebellides gralli;Terebellides spp.;;;;Reunion 25/05/20;
Terebellides resomari;Terebellides spp.;;;;Reunion 25/05/20;
Terebellides sp.;Terebellides spp.;;;;Reunion 19/01/17;
Terebellides sp2;Terebellides spp.;;;;Modif 31/01/18;
Terebellides stroemii;Terebellides spp.;;;;Reunion 19/01/17;
Tergipedidae sp.;Nudibranchia spp.;;;;Reunion 20/02/17;
Tergipes tergipes;Nudibranchia spp.;;;;Reunion 20/02/17;
Testudinalia testudinalis;Tectura virginea;;;;Reunion 20/02/17;
Tethya aurantium;Tethya citrina;;;;Reunion 25/05/20;
Tetrastemma herouardi;Tetrastemma spp.;;;;Reunion 25/05/20;
Tetrastemma melanocephalum;Tetrastemma spp.;;;;Reunion 25/05/20;
Tetrastemma sp.;Tetrastemma spp.;;;;Reunion 25/05/20;
Thalassema thalassemum;Thalassema thalassema;;;;Modif 01/02/18;
Tharyx;Cirratulidae spp.;;;;Reunion 25/05/20;
Tharyx sp.;Cirratulidae spp.;;;;Reunion 19/01/17;
Thelepus cincinnatus;Thelepus spp.;;;;Reunion 19/01/17;
Thelepus setosus;Thelepus spp.;;;;Reunion 19/01/17;
Thelepus sp.;Thelepus spp.;;;;Reunion 19/01/17;
thracia phaseolina;Thracia phaseolina;;;;Reunion 25/05/20;
Thyasira sp.;Thyasira flexuosa;;;;Reunion 20/02/17;
Thyone fusus;SUPPRIME;Herbiers Intertidaux;Haveneau;;M2;
Thyone sp.;Thyone fusus;;;;Reunion 19/01/17;
Tmetonyx cicada;Uristidae spp.;;;;Post-Reunion 19/01/17;MA
Tmetonyx similis;Uristidae spp.;;;;M2;Herbiers Intertidaux
Tonicella rubra;Boreochiton ruber;;;;Modif VLG 13/02/18;
Travisia forbesi;Travisia forbesii;;;;Correction 11/05/20;Actualisation du nom dans worms
Trophonopsis muricatus;Trophonopsis muricata;;;;Modif 01/02/18;
Trypanosyllis sp.;Trypanosyllis (Trypanosyllis) coeliaca;;;;M2;
Tryphosella minima;Tryphosella sp.;;;;Reunion 25/05/20;
Tubificoides benedii;Oligochaeta spp.;;;;Reunion 12/05/16;
Tubificoides pseudogaster agg.;Tubificoides pseudogaster spp.;;;;Reunion 25/05/20;
Tubulanus sp.;Tubulanus polymorphus;;;;Reunion 19/01/17;
Tubulanus superbus;Tubulanus polymorphus;;;;Reunion 25/05/20;
Tubulariidae spp.;SUPPRIME;;;;Reunion 25/05/20;
Tubuliporidae spp.;SUPPRIME;;;;Reunion 25/05/20;
Turbonilla lactea;Turbonilla spp.;;;;Reunion 19/01/17;
Turbonilla sp.;Turbonilla spp.;;;;Reunion 19/01/17;
Turritella communis;Turritellinella tricarinata;;;;Correction 04/02/20;Actualisation du nom dans worms
Turritella terebra;Turritellinella tricarinata;;;;Reunion 25/05/20;
Upogebia sp.;Upogebia deltaura;;;;Reunion 20/02/17;
Urothoe grimaldii;Urothoe poseidonis;;;;Reunion 12/05/16;Herbiers Intertidaux & Intertidal meuble
Veneridae sp1;SUPPRIME;;;;Reunion 20/02/17;
Veneridae spp.;SUPPRIME;;;;Reunion 20/02/17;
Venerupis corrugata;SUPPRIME;Herbiers Intertidaux;Haveneau;;M2;
Venus casina;Venus verrucosa;Intertidal Meuble;;;These Nolwenn;On laisse la fusion qu'en intertidal car venus casina : espece profonde
Venus casina;Venus verrucosa;Herbiers Intertidaux;;;Reunion 12/05/16;On laisse la fusion qu'en intertidal car venus casina : espece profonde
Venus sp.;Chamelea striatula;;;;Reunion 20/02/17;
Verruca stroemia;Sessilia spp.;;;;M2;Herbiers Intertidaux
 Antalis vulgaris;Antalis vulgaris;;;;Reunion 25/05/20;
Phallusia mamilata;Phallusia mammillata;;;;Correction 25/01/21;
Hiatella artica;Hiatella arctica;;;;Correction 25/01/21;
Gamarella fucicola;Gammarella fucicola;;;;Correction 25/01/21;
Ocinebrillus inornatus;Ocinebrellus inornatus;;;;Correction 25/01/21;
Gibbula albida;Steromphala albida;;;;Correction 25/01/21;Actualisation du nom dans worms
Corbula gibba;Varicorbula gibba;;;;Correction 25/01/21;Actualisation du nom dans worms
Gibbula tumida;Steromphala tumida;;;;Correction 25/01/21;Actualisation du nom dans worms
Leptopentacta elongata;Paraleptopentacta elongata;;;;Correction 25/01/21;Actualisation du nom dans worms
Macropodia parva;Macropodia rostrata;;;;Correction 25/01/21;Actualisation du nom dans worms
Opisthobranchia spp.;Heterobranchia spp.;;;;Correction 25/01/21;Actualisation du nom dans worms
Paramphitrite tetrabranchia;Amphitrite birulai;;;;Correction 25/01/21;Actualisation du nom dans worms
 Abra segmentum;Abra segmentum;;;;Correction 10/01/2022;
Euspira pulchella;Euspira nitida;;;;Correction 10/01/2022;Actualisation du nom dans worms
Actiniaria;Actiniaria spp.;;;;Correction 10/01/2022;
Acromegalomma sp.;Acromegalomma spp.;;;;Correction 10/01/2022;
Acrocnida sp.;Acrocnida spp.;;;;Correction 10/01/2022;
Platyhelminthes;Platyhelminthes spp.;;;;Correction 10/01/2022;
Nudibranchia;Nudibranchia spp.;;;;Correction 10/01/2022;
Maldanidae;Maldanidae spp.;;;;Correction 10/01/2022;
Thelepus;Thelepus spp.;;;;Correction 10/01/2022;
echinocyamus pusillus;Echinocyamus pusillus;;;;Correction 10/01/2022;
malacoceros;Malacoceros spp.;;;;Correction 10/01/2022;
Thalassema sp.;Thalassema thalassema;;;;Correction 12/01/2022;
Eunice woodwardi;Eunice vittata;;;;Correction 12/01/2022;
Notophyllum sp.;Notophyllum foliosum;;;;Correction 12/01/2022;
Ephesiella sp.;Sphaerodoridae spp.;;;;Correction 12/01/2022;
Sabellidae;Sabellidae spp.;;;;Correction 12/01/2022;
Laonice irinae;Laonice bahusiensis;;;;Correction 12/01/2022;
Ampharetidae;Ampharete spp.;;;;Correction 12/01/2022;
Chaetozone setosa;Chaetozone spp.;;;;Correction 12/01/2022;
Diplocirrus stopbowitzi;Diplocirrus glaucus;;;;Correction 12/01/2022;
Amphitrite;Amphitrite spp.;;;;Correction 12/01/2022;
Pista sauriaui;Pista spp.;;;;Correction 12/01/2022;
Polycirrus catalanensis;Polycirrus spp.;;;;Correction 12/01/2022;
Terebellidae;Terebellidae spp.;;;;Correction 12/01/2022;
Terebellides gentili;Terebellides spp.;;;;Correction 12/01/2022;
Notomastus sp.;Notomastus latericeus;;;;Correction 12/01/2022;
Copepoda;SUPPRIME;;;;Correction 12/01/2022;
Haploops gascogni;Haploops nirae;;;;Correction 12/01/2022;
Haploops sp.;Haploops nirae;;;;Correction 12/01/2022;
Ischyroceridae;SUPPRIME;;;;Correction 12/01/2022;
Idunella dentipalma;Idunella sp.;;;;Correction 12/01/2022;
Iphinoe inermis;Iphinoe spp.;;;;Correction 12/01/2022;
Galathea sp.;SUPPRIME;;;;Correction 12/01/2022;
Gnathiidae;Gnathiidae sp.;;;;Correction 12/01/2022;
Anchialina agilis;SUPPRIME;;;;Correction 12/01/2022;
Haplostylus lobatus;SUPPRIME;;;;Correction 12/01/2022;
Heteromysis (Heteromysis) armoricana;Heteromysis sp.;;;;Correction 12/01/2022;
Mesopodopsis slabberi;SUPPRIME;;;;Correction 12/01/2022;
Paramysis arenosa;Paramysis sp.;;;;Correction 12/01/2022;
Leptocheliidae;Chondrochelia savignyi;;;;Correction 12/01/2022;
Leptognathiidae;Tanaidacea spp.;;;;Correction 12/01/2022;
Ostracoda;SUPPRIME;;;;Correction 12/01/2022;
Sagitta sp.;SUPPRIME;;;;Correction 12/01/2022;
Symphodus bailloni;Symphodus melops;;;;Correction 12/01/2022;
Labridae;Labridae spp.;;;;Correction 12/01/2022;
Gobiidae;SUPPRIME;;;;Correction 12/01/2022;
Didemnidae;SUPPRIME;;;;Correction 12/01/2022;
Halcampidae;Halcampa spp.;;;;Correction 12/01/2022;
Hormathia sp.;Actiniaria spp.;;;;Correction 12/01/2022;
Hormathiidae;Actiniaria spp.;;;;Correction 12/01/2022;
Lutraria oblonga;Lutraria lutraria;;;;Correction 12/01/2022;
Sepiola sp.;Sepiola atlantica;;;;Correction 12/01/2022;
Melanella sp.;SUPPRIME;;;;Correction 12/01/2022;
Littorina sp.;Littorina obtusata;;;;Correction 12/01/2022;
Tritia varicosa;Tritia pygmaea;;;;Correction 12/01/2022;
Nematoda;SUPPRIME;;;;Correction 12/01/2022;
Leptoplanidae;Platyhelminthes spp.;;;;Correction 12/01/2022;
Myxilla (Myxilla) rosacea;Myxilla sp.;;;;Correction 12/01/2022;
Suberites pagurorum;SUPPRIME;;;;Correction 12/01/2022;
Vorticella pulchella;SUPPRIME;;;;Correction 12/01/2022;
Tanaidacea;Tanaidacea spp.;;;;Correction 11/07/2022;
Phyllodocidae;Phyllodocidae spp.;;;;Correction 11/07/2022;
Porifera;Porifera spp.;;;;Correction 11/07/2022;
Cumacea;Cumacea spp.;;;;Correction 11/07/2022;
Lumbrineridae;Lumbrineridae spp.;;;;Correction 11/07/2022;