worms_id;Kingdom;Phylum;Class;Order;Family;Genus;Species;species_init;Size_inf2;Size_2.5;Size_5.10;Size_10.50;Size_50.100;Size_100.200;Size_sup200;SSDF;SDF;ASF;PSF;Grazer;Pred;Scav;Parasitic;Microphagous;Macrophagous;Infaunal;Epibenthic;Tube_dweller;Burrower;Crawler;Swimmer;Attached;Mob_0;Mob_inf10;Mob_10.100;Mob_100.1000;Bioturb_N;Bioturb_S;Bioturb_B;Bioturb_UC;Bioturb_DC;Bioturb_R;Hermaphrodite;Gonochoric;Dev_asex;Dev_direct;Dev_plankto;Dev_lecitho;Iteroparous;Semelparous;Short_life_span;Medium_life_span;Long_life_span
146469;Animalia;Annelida;Polychaeta;Eunicida;Lumbrineridae;Abyssoninoe;Abyssoninoe hibernica;Abyssoninoe hibernica;0;0;0;0;4;0;0;0;0;0;0;0;2;2;0;0;4;3;1;0;4;0;0;0;0;0;3;1;0;0;4;0;0;0;0;4;0;2;0;2;4;0;0;4;0
994098;Animalia;Annelida;Polychaeta;Sabellida;Sabellidae;Acromegalomma;NA;Acromegalomma spp.;0;0;0;0;0;4;0;0;0;1;3;0;0;0;0;4;0;3;1;4;0;0;0;0;4;0;0;0;0;4;0;0;0;0;0;4;0;0;0;4;4;0;0;4;0
994123;Animalia;Annelida;Polychaeta;Sabellida;Sabellidae;Acromegalomma;Acromegalomma vesiculosum;Acromegalomma vesiculosum;0;0;0;0;0;4;0;0;0;1;3;0;0;0;0;4;0;3;1;4;0;0;0;0;4;0;0;0;0;4;0;0;0;0;0;4;0;0;0;4;4;0;0;4;0
130343;Animalia;Annelida;Polychaeta;Phyllodocida;Nephtyidae;Aglaophamus;Aglaophamus agilis;Aglaophamus agilis;0;0;0;0;0;4;0;0;0;0;0;0;2;2;0;0;4;4;0;0;3;1;1;0;0;0;0;4;0;0;4;0;0;0;0;4;0;0;4;0;4;0;0;0;4
129366;Animalia;Annelida;Polychaeta;Phyllodocida;Nephtyidae;Aglaophamus;NA;Aglaophamus sp.;0;0;0;0;4;0;0;0;0;0;0;0;2;2;0;0;4;4;0;0;3;1;1;0;0;0;0;4;0;0;4;0;0;0;0;4;0;0;4;0;4;0;0;0;4
130722;Animalia;Annelida;Polychaeta;Phyllodocida;Polynoidae;Alentia;Alentia gelatinosa;Alentia gelatinosa;0;0;0;0;4;0;0;0;0;0;0;0;3;1;0;1;3;0;4;0;0;4;0;0;0;0;0;4;0;0;4;0;0;0;0;4;0;0;4;0;4;0;NA;NA;NA
234850;Animalia;Annelida;Polychaeta;Phyllodocida;Nereididae;Alitta;Alitta succinea;Alitta succinea;0;0;0;0;0;4;0;0;2;0;0;2;2;2;0;2;2;3;1;0;3;1;0;0;0;2;2;0;0;0;4;0;0;0;0;4;0;0;4;0;0;4;3;1;0
234851;Animalia;Annelida;Polychaeta;Phyllodocida;Nereididae;Alitta;Alitta virens;Alitta virens;0;0;0;0;0;0;4;0;2;0;0;2;2;2;0;2;2;3;1;0;4;0;0;0;0;1;3;0;0;0;4;0;0;0;0;4;0;0;0;4;0;4;4;0;0
129155;Animalia;Annelida;Polychaeta;Terebellida;Ampharetidae;Ampharete;NA;Ampharete spp.;0;0;1;3;0;0;0;0;4;0;0;0;0;0;0;4;0;4;0;3;1;0;0;0;3;1;0;0;0;0;0;2;2;0;0;4;0;4;0;0;0;4;4;0;0
129784;Animalia;Annelida;Polychaeta;Terebellida;Ampharetidae;Amphicteis;Amphicteis gunneri;Amphicteis gunneri;0;0;0;4;0;0;0;0;4;0;0;0;0;0;0;4;0;4;0;4;0;0;0;0;2;2;0;0;0;0;0;2;2;0;0;4;0;4;0;0;4;0;NA;NA;NA
152448;Animalia;Annelida;Polychaeta;Terebellida;Pectinariidae;Amphictene;Amphictene auricoma;Amphictene auricoma;0;0;0;4;0;0;0;3;1;0;0;0;0;0;0;4;0;4;0;4;0;0;0;0;0;4;0;0;0;0;0;4;0;0;0;4;0;0;4;0;4;0;4;0;0
130869;Animalia;Annelida;Polychaeta;Sabellida;Sabellidae;Amphiglena;Amphiglena mediterranea;Amphiglena mediterranea;0;0;0;4;0;0;0;0;0;1;3;0;0;0;0;4;0;3;1;4;0;0;0;0;4;0;0;0;0;4;0;0;0;0;4;0;0;2;0;2;4;0;0;4;0
129686;Animalia;Annelida;Polychaeta;Terebellida;Terebellidae;Amphitrite;NA;Amphitrite spp.;0;0;0;0;2;2;0;0;4;0;0;0;0;0;0;4;0;4;0;4;0;0;0;0;3;1;0;0;0;0;0;0;4;0;0;4;0;0;0;4;4;0;NA;NA;NA
131480;Animalia;Annelida;Polychaeta;Terebellida;Terebellidae;Amphitritides;Amphitritides gracilis;Amphitritides gracilis;0;0;0;0;0;4;0;3;2;0;0;0;0;0;0;4;0;4;0;0;4;0;0;0;3;1;0;0;0;0;0;0;4;0;0;4;NA;NA;NA;NA;NA;NA;NA;NA;NA
131106;Animalia;Annelida;Polychaeta;Spionida;Spionidae;Aonides;Aonides oxycephala;Aonides oxycephala;0;0;0;0;4;0;0;0;2;0;2;0;0;0;0;4;0;4;0;4;0;0;0;0;2;2;0;0;0;0;0;2;2;0;0;4;0;0;0;4;4;0;4;0;0
131107;Animalia;Annelida;Polychaeta;Spionida;Spionidae;Aonides;Aonides paucibranchiata;Aonides paucibranchiata;0;0;0;4;0;0;0;0;2;0;2;0;0;0;0;4;0;4;0;4;0;0;0;0;2;2;0;0;0;0;0;2;2;0;0;4;0;0;0;4;4;0;4;0;0
129938;Animalia;Annelida;Polychaeta;Terebellida;Cirratulidae;Aphelochaeta;Aphelochaeta marioni;Aphelochaeta cf. marioni;0;0;0;0;4;0;0;2;3;0;0;0;0;0;0;4;0;4;0;0;4;0;0;0;3;1;0;0;0;4;0;0;0;0;0;4;0;4;0;0;4;0;0;4;0
129240;Animalia;Annelida;Polychaeta;Terebellida;Cirratulidae;Aphelochaeta;NA;Aphelochaeta spp.;0;0;0;0;4;0;0;2;3;0;0;0;0;0;0;4;0;4;0;0;4;0;0;0;3;1;0;0;0;4;0;0;0;0;0;4;0;4;0;0;4;0;0;4;0
129840;Animalia;Annelida;Polychaeta;Phyllodocida;Aphroditidae;Aphrodita;Aphrodita aculeata;Aphrodita aculeata;0;0;0;0;0;4;0;0;0;0;0;0;2;2;0;0;4;2;2;0;0;4;0;0;0;0;1;3;0;0;4;0;0;0;0;4;0;2;0;2;4;0;0;0;4
130452;Animalia;Annelida;Polychaeta;Eunicida;Onuphidae;Aponuphis;Aponuphis bilineata;Aponuphis bilineata;0;0;0;0;4;0;0;0;0;0;0;1;2;3;0;1;3;2;2;2;0;3;0;0;0;0;3;1;0;4;0;0;0;0;0;4;0;4;0;0;4;0;NA;NA;NA
129854;Animalia;Annelida;Polychaeta;Eunicida;Oenonidae;Arabella;Arabella iricolor;Arabella iricolor;0;0;0;0;0;0;4;0;0;0;0;0;2;2;0;0;4;3;1;0;3;1;0;0;0;0;3;1;0;0;4;0;0;0;0;4;0;0;0;4;NA;NA;NA;NA;NA
129868;Animalia;Annelida;Polychaeta;NA;Arenicolidae;Arenicola;Arenicola marina;Arenicola marina;0;0;0;0;0;4;0;2;2;0;0;0;0;0;0;4;0;4;0;0;4;0;0;0;0;4;0;0;0;0;0;4;0;0;0;4;0;4;0;0;4;0;0;3;2
129871;Animalia;Annelida;Polychaeta;NA;Arenicolidae;Arenicolides;Arenicolides grubii;Arenicolides grubii;0;0;0;0;4;0;0;3;1;0;0;0;0;0;0;4;0;4;0;0;4;0;0;0;3;1;0;0;0;0;0;4;0;0;0;4;0;4;0;0;4;0;1;3;0
525497;Animalia;Annelida;Polychaeta;NA;Paraonidae;Aricidea;Aricidea (Acmira) cerrutii;Aricidea (Acmira) cerrutii;0;0;0;4;0;0;0;3;1;0;0;0;0;0;0;4;0;4;0;0;4;0;0;0;0;3;1;0;0;4;0;0;0;0;0;4;0;1;0;3;0;4;4;0;0
340355;Animalia;Annelida;Polychaeta;NA;Paraonidae;Aricidea;Aricidea (Aricidea) fragilis;Aricidea (Aricidea) fragilis;0;0;0;0;4;0;0;3;1;0;0;0;0;0;0;4;0;4;0;0;4;0;0;0;0;0;2;2;0;4;0;0;0;0;0;4;0;2;0;2;0;4;NA;NA;NA
730747;Animalia;Annelida;Polychaeta;NA;Paraonidae;Aricidea;Aricidea (Aricidea) minuta;Aricidea (Aricidea) minuta;0;0;4;0;0;0;0;3;1;0;0;0;0;0;0;4;0;4;0;0;4;0;0;0;0;0;2;2;0;4;0;0;0;0;0;4;0;2;0;2;0;4;NA;NA;NA
333044;Animalia;Annelida;Polychaeta;NA;Paraonidae;Aricidea;Aricidea (Aricidea) pseudoarticulata;Aricidea (Aricidea) pseudoarticulata;0;0;0;4;0;0;0;3;1;0;0;0;0;0;0;4;0;4;0;0;4;0;0;0;0;3;1;0;0;4;0;0;0;0;0;4;0;1;0;3;0;4;4;0;0
129430;Animalia;Annelida;Polychaeta;NA;Paraonidae;Aricidea;NA;Aricidea spp.;0;0;2;3;0;0;0;3;1;0;0;0;0;0;0;4;0;4;0;0;4;0;0;0;0;3;1;0;0;4;0;0;0;0;0;4;0;1;0;3;0;4;4;0;0
130485;Animalia;Annelida;Polychaeta;NA;Opheliidae;Armandia;Armandia cirrhosa;Armandia cirrhosa;0;1;3;0;0;0;0;3;1;0;0;0;0;0;0;4;0;3;2;0;3;0;1;0;0;3;1;0;0;0;4;0;0;0;0;4;0;0;4;0;4;0;4;0;0
130974;Animalia;Annelida;Polychaeta;NA;Scalibregmatidae;Asclerocheilus;Asclerocheilus intermedius;Asclerocheilus intermedius;0;0;0;4;0;0;0;4;0;0;0;0;0;0;0;4;0;4;0;0;4;0;0;0;0;2;2;0;0;0;4;0;0;0;0;4;NA;NA;NA;NA;NA;NA;NA;NA;NA
129342;Animalia;Annelida;Polychaeta;NA;Maldanidae;Axiothella;NA;Axiothella sp.;0;0;0;0;0;4;0;3;1;0;0;0;0;0;0;4;0;4;0;3;1;0;0;0;3;1;0;0;0;0;0;4;0;0;0;4;0;2;0;2;4;0;0;4;0
129523;Animalia;Annelida;Polychaeta;Sabellida;Sabellidae;Bispira;NA;Bispira sp.;0;0;1;3;1;0;0;0;0;1;3;0;0;0;0;4;0;3;1;3;0;1;0;0;3;1;0;0;0;4;0;0;0;0;1;3;1;0;3;3;4;0;0;4;0
110347;Animalia;Annelida;Polychaeta;Echiuroidea;Bonelliidae;NA;NA;Bonelliidae sp.;0;0;0;0;4;0;0;0;4;0;0;0;0;0;0;4;0;4;0;0;4;0;0;0;0;4;0;0;0;0;0;0;4;0;0;4;0;0;1;3;NA;NA;NA;NA;NA
421070;Animalia;Annelida;Polychaeta;Sabellida;Sabellidae;Branchiomma;Branchiomma bairdi;Branchiomma bairdi;0;0;0;4;0;0;0;0;0;1;3;0;0;0;0;4;0;3;1;4;0;0;0;0;4;0;0;0;0;4;0;0;0;0;4;0;1;0;0;3;4;0;0;4;0
130878;Animalia;Annelida;Polychaeta;Sabellida;Sabellidae;Branchiomma;Branchiomma bombyx;Branchiomma bombyx;0;0;0;4;0;0;0;0;0;1;3;0;0;0;0;4;0;3;1;4;0;0;0;0;4;0;0;0;0;4;0;0;0;0;4;0;0;2;0;2;4;0;0;4;0
129524;Animalia;Annelida;Polychaeta;Sabellida;Sabellidae;Branchiomma;NA;Branchiomma sp.;0;0;0;0;4;0;0;0;0;1;3;0;0;0;0;4;0;3;1;4;0;0;0;0;4;0;0;0;0;4;0;0;0;0;3;1;1;3;0;3;4;0;0;4;0
129876;Animalia;Annelida;Polychaeta;NA;Capitellidae;Capitella;Capitella capitata;Capitella capitata;0;0;0;0;4;0;0;4;0;0;0;0;0;0;0;4;0;4;0;0;4;0;0;0;1;3;0;0;0;0;0;2;2;0;4;0;0;2;2;2;4;0;4;0;0
129877;Animalia;Annelida;Polychaeta;NA;Capitellidae;Capitella;Capitella giardi;Capitella giardi;0;0;4;0;0;0;0;4;0;0;0;0;0;0;0;4;0;4;0;0;4;0;0;0;1;3;0;0;0;0;0;2;2;0;0;4;0;4;0;0;4;0;4;0;0
129879;Animalia;Annelida;Polychaeta;NA;Capitellidae;Capitella;Capitella minima;Capitella minima;0;0;0;4;0;0;0;4;0;0;0;0;0;0;0;4;0;4;0;0;4;0;0;0;1;3;0;0;0;0;0;2;2;0;4;0;0;2;0;2;4;0;4;0;0
129943;Animalia;Annelida;Polychaeta;Terebellida;Cirratulidae;Caulleriella;Caulleriella alata;Caulleriella alata;0;0;3;1;0;0;0;2;3;0;0;0;0;0;0;4;0;4;0;0;4;0;0;0;3;1;0;0;0;4;0;0;0;0;0;4;0;4;0;0;4;0;0;4;0
129944;Animalia;Annelida;Polychaeta;Terebellida;Cirratulidae;Caulleriella;Caulleriella bioculata;Caulleriella bioculata;0;0;0;4;0;0;0;2;3;0;0;0;0;0;0;4;0;4;0;0;4;0;0;0;3;1;0;0;0;4;0;0;0;0;0;4;0;4;0;0;4;0;0;4;0
129241;Animalia;Annelida;Polychaeta;Terebellida;Cirratulidae;Caulleriella;NA;Caulleriella spp.;0;0;2;2;0;0;0;2;3;0;0;0;0;0;0;4;0;4;0;0;4;0;0;0;3;1;0;0;0;4;0;0;0;0;0;4;0;4;0;0;4;0;0;4;0
324718;Animalia;Annelida;Polychaeta;Eunicida;Lumbrineridae;Cenogenus;NA;Cenogenus sp.;0;0;0;4;0;0;0;0;0;0;0;0;2;2;0;0;4;3;1;0;4;0;0;0;0;0;3;1;0;0;4;0;0;0;0;4;0;2;0;2;4;0;0;4;0
918;Animalia;Annelida;Polychaeta;NA;Chaetopteridae;NA;NA;Chaetopteridae sp.;0;0;0;3;0;1;1;0;0;4;0;0;0;0;0;4;0;3;1;4;0;0;0;0;4;0;0;0;0;0;0;2;2;0;0;4;1;0;3;0;4;0;4;0;0
129914;Animalia;Annelida;Polychaeta;NA;Chaetopteridae;Chaetopterus;Chaetopterus variopedatus;Chaetopterus variopedatus;0;0;0;0;0;0;4;0;0;4;0;0;0;0;0;4;0;4;0;4;0;0;0;0;4;0;0;0;0;0;0;2;2;0;0;4;0;0;4;0;4;0;4;0;0
129953;Animalia;Annelida;Polychaeta;Terebellida;Cirratulidae;Chaetozone;Chaetozone gibber;Chaetozone gibber;0;0;0;4;0;0;0;2;3;0;0;0;0;0;0;4;0;4;0;0;4;0;0;0;2;2;0;0;0;4;0;0;0;0;0;4;0;2;0;2;4;0;4;0;0
129242;Animalia;Annelida;Polychaeta;Terebellida;Cirratulidae;Chaetozone;NA;Chaetozone spp.;0;0;1;3;0;0;0;2;3;0;0;0;0;0;0;4;0;4;0;0;4;0;0;0;2;2;0;0;0;4;0;0;0;0;0;4;0;2;0;2;4;0;4;0;0
336485;Animalia;Annelida;Polychaeta;Terebellida;Cirratulidae;Chaetozone;Chaetozone zetlandica;Chaetozone zetlandica;0;0;0;4;0;0;0;2;3;0;0;0;0;0;0;4;0;4;0;0;4;0;0;0;2;2;0;0;0;4;0;0;0;0;0;4;0;2;0;2;4;0;4;0;0
130277;Animalia;Annelida;Polychaeta;NA;Maldanidae;Chirimia;Chirimia biceps;Chirimia biceps;0;0;0;0;0;4;0;3;1;0;0;0;0;0;0;4;0;4;0;3;1;0;0;0;3;1;0;0;0;0;0;2;2;0;0;4;0;2;0;2;4;0;0;4;0
129525;Animalia;Annelida;Polychaeta;Sabellida;Sabellidae;Chone;NA;Chone spp.;0;0;1;3;2;1;0;0;0;1;3;0;0;0;0;4;0;3;1;4;0;0;0;0;4;0;0;0;0;4;0;0;0;0;0;4;0;0;0;4;2;2;0;4;0
129927;Animalia;Annelida;Polychaeta;Phyllodocida;Chrysopetalidae;Chrysopetalum;Chrysopetalum debile;Chrysopetalum debile;0;0;4;0;0;0;0;0;0;0;0;0;4;0;0;1;3;0;4;0;0;4;0;0;0;1;3;0;4;0;0;0;0;0;0;4;0;0;4;0;NA;NA;4;0;0
919;Animalia;Annelida;Polychaeta;Terebellida;Cirratulidae;NA;NA;Cirratulidae spp.;0;0;1;3;2;2;0;2;3;0;0;0;0;0;0;4;0;4;0;0;4;0;0;0;3;1;0;0;0;4;0;0;0;0;1;3;2;3;0;3;3;1;2;2;0
129959;Animalia;Annelida;Polychaeta;Terebellida;Cirratulidae;Cirratulus;Cirratulus cirratus;Cirratulus cirratus;0;0;0;0;4;0;0;2;3;0;0;0;0;0;0;4;0;2;2;0;4;0;0;0;3;1;0;0;0;4;0;0;0;0;0;4;2;0;0;2;4;0;0;4;0
129964;Animalia;Annelida;Polychaeta;Terebellida;Cirratulidae;Cirriformia;Cirriformia tentaculata;Cirriformia tentaculata;0;0;0;0;0;4;0;2;3;0;0;0;0;0;0;4;0;4;0;0;4;0;0;0;3;1;0;0;0;4;0;0;0;0;0;4;0;2;0;2;4;0;0;4;0
131063;Animalia;Annelida;Polychaeta;Phyllodocida;Sigalionidae;Claparedepelogenia;Claparedepelogenia inclusa;Claparedepelogenia inclusa;0;0;0;0;0;0;4;0;0;0;0;0;2;2;0;0;4;3;1;0;3;1;0;0;0;2;2;0;0;0;4;0;0;0;0;4;NA;NA;NA;NA;4;0;0;4;0
130278;Animalia;Annelida;Polychaeta;NA;Maldanidae;Clymenella;Clymenella cincta;Clymenella cincta;0;0;0;0;0;4;0;3;1;0;0;0;0;0;0;4;0;4;0;3;1;0;0;0;3;1;0;0;0;0;0;4;0;0;0;4;0;2;0;2;4;0;0;4;0
129881;Animalia;Annelida;Polychaeta;NA;Capitellidae;Dasybranchus;Dasybranchus caducus;Dasybranchus caducus;0;0;0;0;0;0;4;4;0;0;0;0;0;0;0;4;0;4;0;0;4;0;0;0;1;3;0;0;0;0;0;2;2;0;0;4;0;0;0;4;4;0;4;0;0
129398;Animalia;Annelida;Polychaeta;Eunicida;Onuphidae;Diopatra;NA;Diopatra spp.;0;0;0;0;2;0;2;0;1;0;0;3;0;1;0;2;2;3;1;3;0;1;0;0;0;3;1;0;0;4;0;0;0;0;0;4;0;0;0;4;4;0;0;2;2
131285;Animalia;Annelida;Polychaeta;Phyllodocida;Syllidae;Dioplosyllis;Dioplosyllis cirrosa;Dioplosyllis cirrosa;0;0;0;4;0;0;0;0;2;0;0;2;3;3;0;2;2;1;3;0;2;3;1;0;0;4;0;0;0;0;4;0;0;0;0;4;0;0;0;4;4;0;4;0;0
130100;Animalia;Annelida;Polychaeta;Terebellida;Flabelligeridae;Diplocirrus;Diplocirrus glaucus;Diplocirrus glaucus;0;0;0;4;0;0;0;0;4;0;0;0;0;0;0;4;0;3;1;0;2;2;0;0;3;1;0;0;0;0;0;4;0;0;0;4;0;2;0;2;4;0;NA;NA;NA
131115;Animalia;Annelida;Polychaeta;Spionida;Spionidae;Dipolydora;Dipolydora armata;Dipolydora armata;0;0;0;3;2;0;0;0;2;0;2;0;0;0;0;4;0;4;0;4;0;0;0;0;3;1;0;0;0;0;3;1;1;0;0;4;0;1;3;0;4;0;4;0;0
131123;Animalia;Annelida;Polychaeta;Spionida;Spionidae;Dipolydora;Dipolydora saintjosephi;Dipolydora saintjosephi;0;0;0;3;2;0;0;0;2;0;2;0;0;0;0;4;0;4;0;4;0;0;0;0;3;1;0;0;0;0;3;1;1;0;0;4;0;1;3;0;4;0;4;0;0
130005;Animalia;Annelida;Polychaeta;Eunicida;Dorvilleidae;Dorvillea;Dorvillea erucaeformis;Dorvillea erucaeformis;0;0;0;4;0;0;0;0;2;0;0;2;3;3;0;2;2;1;3;0;0;3;1;0;0;3;1;0;0;0;4;0;0;0;1;3;0;2;0;2;4;0;4;0;0
130008;Animalia;Annelida;Polychaeta;Eunicida;Dorvilleidae;Dorvillea;Dorvillea rubrovittata;Dorvillea rubrovittata;0;0;0;4;0;0;0;0;2;0;0;2;3;3;0;2;2;1;3;0;1;3;1;0;0;3;1;0;0;0;4;0;0;0;0;4;0;2;0;2;NA;NA;4;0;0
129856;Animalia;Annelida;Polychaeta;Eunicida;Oenonidae;Drilonereis;Drilonereis filum;Drilonereis filum;0;0;0;0;0;4;0;0;0;0;0;0;2;2;0;0;4;2;3;0;2;3;0;0;0;3;1;0;0;0;4;0;0;0;0;4;NA;NA;NA;NA;NA;NA;NA;NA;NA
605949;Animalia;Annelida;Polychaeta;Phyllodocida;Chrysopetalidae;Dysponetus;Dysponetus joeli;Dysponetus joeli;0;4;0;0;0;0;0;0;0;0;0;0;3;0;1;1;3;0;4;0;0;4;0;0;0;1;3;0;4;0;0;0;0;0;0;4;0;0;4;0;NA;NA;4;0;0
130738;Animalia;Annelida;Polychaeta;Phyllodocida;Polynoidae;Enipo;Enipo kinbergi;Enipo kinbergi;0;0;0;0;4;0;0;0;0;0;0;0;3;1;0;1;3;1;3;0;0;4;0;0;0;3;2;0;0;0;4;0;0;0;0;4;0;0;4;0;4;0;0;4;0
130616;Animalia;Annelida;Polychaeta;Phyllodocida;Phyllodocidae;Eteone;Eteone longa;Eteone longa;0;0;0;0;2;2;0;0;0;0;0;0;2;2;0;0;4;3;1;0;2;2;0;0;0;2;2;0;0;0;4;0;0;0;0;4;0;0;4;0;4;0;2;2;0
129443;Animalia;Annelida;Polychaeta;Phyllodocida;Phyllodocidae;Eteone;NA;Eteone sp.;0;0;0;2;2;2;0;0;0;0;0;0;2;2;0;0;4;3;1;0;2;2;0;0;0;2;2;0;0;0;4;0;0;0;0;4;0;0;4;0;4;0;2;2;0
130619;Animalia;Annelida;Polychaeta;Phyllodocida;Phyllodocidae;Eteone;Eteone suecica;Eteone suecica;0;0;0;4;0;0;0;0;0;0;0;0;2;2;0;0;4;3;1;0;2;2;0;0;0;2;2;0;0;0;4;0;0;0;0;4;0;0;4;0;4;0;2;2;0
130907;Animalia;Annelida;Polychaeta;Sabellida;Sabellidae;Euchone;Euchone rosea;Euchone rosea;0;4;0;0;0;0;0;0;0;1;3;0;0;0;0;4;0;3;1;4;0;0;0;0;4;0;0;0;0;4;0;0;0;0;0;4;0;2;0;2;4;0;0;4;0
130909;Animalia;Annelida;Polychaeta;Sabellida;Sabellidae;Euchone;Euchone rubrocincta;Euchone rubrocincta;0;0;0;4;0;0;0;0;0;1;3;0;0;0;0;4;0;3;1;4;0;0;0;0;4;0;0;0;0;4;0;0;0;0;0;4;0;2;0;2;4;0;0;4;0
129528;Animalia;Annelida;Polychaeta;Sabellida;Sabellidae;Euchone;NA;Euchone sp.;0;2;2;2;0;0;0;0;0;1;3;0;0;0;0;4;0;3;1;4;0;0;0;0;4;0;0;0;0;4;0;0;0;0;0;4;0;2;0;2;4;0;0;4;0
129347;Animalia;Annelida;Polychaeta;NA;Maldanidae;Euclymene;NA;Euclymene spp.;0;0;0;0;2;3;0;3;1;0;0;0;0;0;0;4;0;4;0;4;0;0;0;0;3;1;0;0;0;0;0;2;2;0;1;3;0;0;0;4;4;0;0;4;0
130623;Animalia;Annelida;Polychaeta;Phyllodocida;Phyllodocidae;Eulalia;Eulalia aurea;Eulalia aurea;0;0;0;0;2;2;0;0;0;0;0;0;2;2;0;0;4;1;3;0;1;3;0;0;0;2;2;0;0;0;4;0;0;0;0;4;0;0;4;0;4;0;0;2;2
130624;Animalia;Annelida;Polychaeta;Phyllodocida;Phyllodocidae;Eulalia;Eulalia bilineata;Eulalia bilineata;0;0;0;0;4;0;0;0;0;0;0;0;2;2;0;0;4;1;3;0;1;3;0;0;0;2;2;0;0;0;4;0;0;0;0;4;0;0;4;0;4;0;0;2;2
155375;Animalia;Annelida;Polychaeta;Phyllodocida;Phyllodocidae;Eulalia;Eulalia clavigera;Eulalia clavigera;0;0;0;0;4;0;0;0;0;0;0;0;2;2;0;0;4;1;3;0;1;3;0;0;0;2;2;0;0;0;4;0;0;0;0;4;0;0;4;0;4;0;0;2;2
130631;Animalia;Annelida;Polychaeta;Phyllodocida;Phyllodocidae;Eulalia;Eulalia mustela;Eulalia mustela;0;0;0;4;0;0;0;0;0;0;0;0;2;2;0;0;4;1;3;0;1;3;0;0;0;2;2;0;0;0;4;0;0;0;0;4;0;0;4;0;4;0;0;2;2
130632;Animalia;Annelida;Polychaeta;Phyllodocida;Phyllodocidae;Eulalia;Eulalia ornata;Eulalia ornata;0;0;0;0;4;0;0;0;0;0;0;0;2;2;0;0;4;1;3;0;1;3;0;0;0;2;2;0;0;0;4;0;0;0;0;4;0;0;4;0;4;0;0;2;2
129445;Animalia;Annelida;Polychaeta;Phyllodocida;Phyllodocidae;Eulalia;NA;Eulalia spp.;0;0;1;2;3;1;0;0;0;0;0;0;2;2;0;0;4;1;3;0;1;3;0;0;0;2;2;0;0;0;4;0;0;0;0;4;0;0;4;0;4;0;0;2;2
130636;Animalia;Annelida;Polychaeta;Phyllodocida;Phyllodocidae;Eulalia;Eulalia tripunctata;Eulalia tripunctata;0;0;0;0;4;0;0;0;0;0;0;0;2;2;0;0;4;1;3;0;1;3;0;0;0;2;2;0;0;0;4;0;0;0;0;4;0;0;4;0;4;0;0;2;2
182818;Animalia;Annelida;Polychaeta;Phyllodocida;Phyllodocidae;Eumida;Eumida parva;Eumida parva;0;0;4;0;0;0;0;0;0;0;0;0;2;2;0;0;4;1;3;0;1;3;0;0;0;2;2;0;0;0;4;0;0;0;0;4;0;0;4;0;4;0;0;2;2
129446;Animalia;Annelida;Polychaeta;Phyllodocida;Phyllodocidae;Eumida;NA;Eumida spp.;0;0;0;2;2;2;0;0;0;0;0;0;2;2;0;0;4;3;1;0;3;1;0;0;0;2;2;0;0;0;4;0;0;0;0;4;0;0;4;0;4;0;0;4;0
130375;Animalia;Annelida;Polychaeta;Phyllodocida;Nereididae;Eunereis;Eunereis longissima;Eunereis longissima;0;0;0;0;0;0;4;0;2;0;0;0;2;2;0;2;2;3;1;0;4;0;0;0;0;1;3;0;0;0;4;0;0;0;0;4;0;0;0;4;0;4;4;0;0
130060;Animalia;Annelida;Polychaeta;Eunicida;Eunicidae;Eunice;Eunice pennata;Eunice pennata;0;0;0;0;0;4;0;0;0;0;0;0;2;2;0;0;4;2;2;4;0;0;0;0;1;3;3;0;0;0;4;0;0;0;0;4;0;0;4;0;4;0;0;4;0
130067;Animalia;Annelida;Polychaeta;Eunicida;Eunicidae;Eunice;Eunice vittata;Eunice vittata;0;0;0;0;4;0;0;0;0;0;0;0;2;2;0;0;4;2;2;0;1;3;0;0;0;0;3;1;0;0;4;0;0;0;0;4;0;0;4;0;4;0;0;4;0
130081;Animalia;Annelida;Polychaeta;Amphinomida;Euphrosinidae;Euphrosine;Euphrosine borealis;Euphrosine borealis;0;0;0;4;0;0;0;0;2;0;0;0;2;0;0;2;2;0;4;0;0;4;0;0;0;4;0;0;0;4;0;0;0;0;0;4;0;0;4;0;4;0;2;2;0
130083;Animalia;Annelida;Polychaeta;Amphinomida;Euphrosinidae;Euphrosine;Euphrosine foliosa;Euphrosine foliosa;0;0;0;4;0;0;0;0;0;0;0;0;2;2;0;0;4;0;4;0;0;4;0;0;0;4;0;0;0;4;0;0;0;0;0;4;0;0;4;0;4;0;NA;NA;NA
131489;Animalia;Annelida;Polychaeta;Terebellida;Terebellidae;Eupolymnia;Eupolymnia nebulosa;Eupolymnia nebulosa;0;0;0;0;0;4;0;3;1;0;0;0;0;0;0;4;0;4;0;4;0;0;0;0;2;2;0;0;0;0;0;0;4;0;0;4;0;0;0;4;4;0;0;4;0
131288;Animalia;Annelida;Polychaeta;Phyllodocida;Syllidae;Eurysyllis;Eurysyllis tuberculata;Eurysyllis tuberculata;0;4;0;0;0;0;0;0;2;0;0;2;3;3;0;2;2;1;3;0;2;3;1;0;0;4;0;0;0;0;4;0;0;0;0;4;0;0;0;4;4;0;4;0;0
129653;Animalia;Annelida;Polychaeta;Phyllodocida;Syllidae;Eusyllis;NA;Eusyllis spp.;0;0;0;4;0;0;0;0;2;0;0;2;3;3;0;2;2;1;3;0;2;3;1;0;0;4;0;0;0;0;4;0;0;0;0;4;0;0;0;4;4;0;4;0;0
131064;Animalia;Annelida;Polychaeta;Phyllodocida;Sigalionidae;Euthalenessa;Euthalenessa oculata;Euthalenessa oculata;0;0;0;0;0;4;0;0;0;0;0;0;2;2;0;0;4;4;0;0;3;1;0;0;0;3;1;0;0;0;4;0;0;0;0;4;NA;NA;NA;NA;4;0;0;4;0
129654;Animalia;Annelida;Polychaeta;Phyllodocida;Syllidae;Exogone;NA;Exogone spp.;0;2;2;0;0;0;0;0;2;0;0;2;3;3;0;2;2;1;3;0;2;3;1;0;0;4;0;0;0;0;4;0;0;0;1;3;0;4;0;0;4;0;4;0;0
129588;Animalia;Annelida;Polychaeta;Phyllodocida;Sigalionidae;Fimbriosthenelais;NA;Fimbriosthenelais spp.;0;0;0;4;0;0;0;0;0;0;0;0;2;2;0;0;4;4;0;0;4;0;0;0;0;2;2;0;0;0;4;0;0;0;0;4;0;0;4;0;4;0;0;4;0
130103;Animalia;Annelida;Polychaeta;Terebellida;Flabelligeridae;Flabelligera;Flabelligera affinis;Flabelligera affinis;0;0;0;0;4;0;0;0;4;0;0;0;0;0;0;4;0;3;1;0;2;2;0;0;3;1;0;0;0;0;0;4;0;0;0;4;0;0;0;4;4;0;NA;NA;NA
146950;Animalia;Annelida;Polychaeta;NA;Oweniidae;Galathowenia;Galathowenia oculata;Galathowenia oculata;0;0;0;4;0;0;0;0;4;0;0;0;0;0;0;4;0;4;0;4;0;0;0;0;3;1;0;0;0;4;0;0;0;0;0;4;0;0;4;0;4;0;2;2;0
130749;Animalia;Annelida;Polychaeta;Phyllodocida;Polynoidae;Gattyana;Gattyana cirrhosa;Gattyana cirrhosa;0;0;0;4;0;0;0;0;0;0;0;0;3;1;0;1;3;4;0;0;0;4;0;0;0;3;2;0;0;0;4;0;0;0;0;4;0;0;4;0;4;0;0;4;0
130123;Animalia;Annelida;Polychaeta;Phyllodocida;Glyceridae;Glycera;Glycera lapidum;Glycera lapidum;0;0;0;0;2;2;0;0;0;0;0;0;2;2;0;0;4;3;1;0;3;2;1;0;0;0;1;3;0;0;4;0;0;0;0;4;0;0;4;0;0;4;0;4;0
129296;Animalia;Annelida;Polychaeta;Phyllodocida;Glyceridae;Glycera;NA;Glycera spp.;0;0;0;0;3;2;1;0;0;0;0;0;2;2;0;0;4;3;1;0;3;2;1;0;0;0;1;3;0;0;4;0;0;0;0;4;0;0;4;0;0;4;0;4;0
130130;Animalia;Annelida;Polychaeta;Phyllodocida;Glyceridae;Glycera;Glycera tridactyla;Glycera tridactyla;0;0;0;0;4;0;0;0;0;0;0;0;2;2;0;0;4;3;1;0;3;2;1;0;0;0;1;3;0;0;4;0;0;0;0;4;0;0;4;0;0;4;0;4;0
130136;Animalia;Annelida;Polychaeta;Phyllodocida;Goniadidae;Glycinde;Glycinde nordmanni;Glycinde nordmanni;0;0;0;0;4;0;0;0;0;0;0;0;3;2;0;0;4;4;0;0;4;0;0;0;0;1;3;0;0;0;4;0;0;0;NA;NA;0;0;0;4;NA;NA;4;0;0
129300;Animalia;Annelida;Polychaeta;Phyllodocida;Goniadidae;Goniada;NA;Goniada spp.;0;0;0;0;2;2;2;0;0;0;0;0;3;2;0;0;4;4;0;0;4;0;0;0;0;1;3;0;0;0;4;0;0;0;NA;NA;0;0;4;0;NA;NA;4;0;0
129301;Animalia;Annelida;Polychaeta;Phyllodocida;Goniadidae;Goniadella;NA;Goniadella spp.;0;0;0;4;0;0;0;0;0;0;0;0;3;2;0;0;4;4;0;0;4;0;0;0;0;2;2;0;0;0;4;0;0;0;NA;NA;0;0;0;4;4;0;4;0;0
130156;Animalia;Annelida;Polychaeta;Phyllodocida;Hesionidae;Gyptis;Gyptis propinqua;Gyptis propinqua;0;0;4;0;0;0;0;0;0;0;0;0;3;2;0;2;2;0;4;0;0;4;0;0;0;2;2;0;0;0;4;0;0;0;0;4;0;0;4;0;4;0;NA;NA;NA
131321;Animalia;Annelida;Polychaeta;Phyllodocida;Syllidae;Haplosyllis;Haplosyllis spongicola;Haplosyllis spongicola;0;2;2;0;0;0;0;0;0;0;0;0;0;0;4;0;4;0;4;0;0;0;0;4;2;2;0;0;4;0;0;0;0;0;0;4;0;0;0;4;4;0;4;0;0
130754;Animalia;Annelida;Polychaeta;Phyllodocida;Polynoidae;Harmothoe;Harmothoe antilopes;Harmothoe antilopes;0;0;0;4;0;0;0;0;0;0;0;0;3;1;0;1;3;1;3;0;0;4;0;0;0;3;2;0;0;0;4;0;0;0;0;4;0;0;4;0;4;0;2;2;0
130755;Animalia;Annelida;Polychaeta;Phyllodocida;Polynoidae;Harmothoe;Harmothoe areolata;Harmothoe areolata;0;0;0;4;0;0;0;0;0;0;0;0;3;1;0;1;3;1;3;0;0;4;0;0;0;3;2;0;0;0;4;0;0;0;0;4;0;0;4;0;4;0;2;2;0
130762;Animalia;Annelida;Polychaeta;Phyllodocida;Polynoidae;Harmothoe;Harmothoe extenuata;Harmothoe extenuata;0;0;0;0;4;0;0;0;0;0;0;0;3;1;0;1;3;1;3;0;0;4;0;0;0;3;2;0;0;0;4;0;0;0;0;4;0;0;4;0;4;0;2;2;0
130763;Animalia;Annelida;Polychaeta;Phyllodocida;Polynoidae;Harmothoe;Harmothoe fragilis;Harmothoe fragilis;0;0;0;4;0;0;0;0;0;0;0;0;3;1;0;1;3;1;3;0;0;4;0;0;0;3;2;0;0;0;4;0;0;0;0;4;0;0;4;0;4;0;2;2;0
571832;Animalia;Annelida;Polychaeta;Phyllodocida;Polynoidae;Harmothoe;Harmothoe glabra;Harmothoe glabra;0;0;0;4;0;0;0;0;0;0;0;0;3;1;0;1;3;1;3;0;0;4;0;0;0;3;2;0;0;0;4;0;0;0;0;4;0;0;4;0;4;0;2;2;0
130769;Animalia;Annelida;Polychaeta;Phyllodocida;Polynoidae;Harmothoe;Harmothoe imbricata;Harmothoe imbricata;0;0;0;3;1;0;0;0;0;0;0;0;3;1;0;1;3;1;3;0;0;4;0;0;0;3;2;0;0;0;4;0;0;0;0;4;0;0;4;0;4;0;2;2;0
130770;Animalia;Annelida;Polychaeta;Phyllodocida;Polynoidae;Harmothoe;Harmothoe impar;Harmothoe impar;0;0;0;4;0;0;0;0;0;0;0;0;3;1;0;1;3;1;3;0;0;4;0;0;0;3;2;0;0;0;4;0;0;0;0;4;0;0;4;0;4;0;2;2;0
130781;Animalia;Annelida;Polychaeta;Phyllodocida;Polynoidae;Harmothoe;Harmothoe spinifera;Harmothoe spinifera;0;0;0;4;0;0;0;0;0;0;0;0;3;1;0;1;3;1;3;0;0;4;0;0;0;3;2;0;0;0;4;0;0;0;0;4;0;0;4;0;4;0;2;2;0
129491;Animalia;Annelida;Polychaeta;Phyllodocida;Polynoidae;Harmothoe;NA;Harmothoe spp.;0;0;0;3;1;0;0;0;0;0;0;0;3;1;0;1;3;1;3;0;0;4;0;0;0;3;2;0;0;0;4;0;0;0;0;4;0;0;4;0;4;0;2;2;0
130785;Animalia;Annelida;Polychaeta;Phyllodocida;Polynoidae;Harmothoe;Harmothoe viridis;Harmothoe viridis;0;0;0;4;0;0;0;0;0;0;0;0;3;1;0;1;3;1;3;0;0;4;0;0;0;3;2;0;0;0;4;0;0;0;0;4;0;0;4;0;4;0;2;2;0
130158;Animalia;Annelida;Polychaeta;Phyllodocida;Hesionidae;Hesione;Hesione splendida;Hesione splendida;0;0;0;0;4;0;0;0;0;0;0;0;3;2;0;2;2;0;4;0;0;4;0;0;0;0;0;4;0;0;4;0;0;0;0;4;0;0;4;0;4;0;NA;NA;NA
946;Animalia;Annelida;Polychaeta;Phyllodocida;Hesionidae;NA;NA;Hesionidae sp.;0;0;0;4;0;0;0;0;1;0;0;0;3;2;0;2;2;2;2;0;1;3;0;0;0;2;2;0;0;1;3;0;0;0;1;3;0;0;3;1;4;0;4;0;0
130649;Animalia;Annelida;Polychaeta;Phyllodocida;Phyllodocidae;Hesionura;Hesionura elongata;Hesionura elongata;0;0;0;4;0;0;0;0;0;0;0;0;2;2;0;0;4;3;1;0;1;3;0;0;0;2;2;0;0;0;4;0;0;0;0;4;0;0;4;0;4;0;0;2;2
333615;Animalia;Annelida;Polychaeta;Phyllodocida;Hesionidae;Hesiospina;Hesiospina aurantiaca;Hesiospina aurantiaca;0;0;0;4;0;0;0;0;0;0;0;0;3;2;0;2;2;0;4;0;0;4;0;0;0;2;2;0;0;0;4;0;0;0;0;4;0;0;4;0;4;0;NA;NA;NA
129884;Animalia;Annelida;Polychaeta;NA;Capitellidae;Heteromastus;Heteromastus filiformis;Heteromastus filiformis;0;0;0;0;2;2;0;4;0;0;0;0;0;0;0;4;0;4;0;0;4;0;0;0;1;3;0;0;0;0;0;4;0;0;0;4;0;0;4;0;0;4;4;0;0
607402;Animalia;Annelida;Polychaeta;Eunicida;Lumbrineridae;Hilbigneris;Hilbigneris gracilis;Hilbigneris gracilis;0;0;0;4;0;0;0;0;0;0;0;0;2;2;0;0;4;3;1;0;4;0;0;0;0;0;3;1;0;0;4;0;0;0;0;4;0;2;0;2;4;0;0;4;0
131009;Animalia;Annelida;Polychaeta;Sabellida;Serpulidae;Hydroides;Hydroides norvegica;Hydroides norvegica;0;0;0;4;0;0;0;0;0;2;2;0;0;0;0;4;0;0;4;4;0;0;0;0;4;0;0;0;4;0;0;0;0;0;1;3;0;0;4;0;4;0;4;0;0
152250;Animalia;Annelida;Polychaeta;Phyllodocida;Phyllodocidae;Hypereteone;Hypereteone foliosa;Hypereteone foliosa;0;0;0;4;0;0;0;0;0;0;0;0;2;2;0;0;4;3;1;0;2;2;0;0;0;2;2;0;0;0;4;0;0;0;0;4;0;0;2;2;4;0;NA;NA;NA
130918;Animalia;Annelida;Polychaeta;Sabellida;Sabellidae;Hypsicomus;Hypsicomus stichophthalmos;Hypsicomus stichophthalmos;0;0;0;4;0;0;0;0;0;1;3;0;0;0;0;4;0;3;1;4;0;0;0;0;4;0;0;0;0;4;0;0;0;0;1;3;0;0;0;4;4;0;0;4;0
130920;Animalia;Annelida;Polychaeta;Sabellida;Sabellidae;Jasmineira;Jasmineira caudata;Jasmineira caudata;0;4;0;0;0;0;0;0;0;1;3;0;0;0;0;4;0;3;1;3;0;0;1;0;3;1;0;0;0;4;0;0;0;0;0;4;0;0;0;4;4;0;0;4;0
130921;Animalia;Annelida;Polychaeta;Sabellida;Sabellidae;Jasmineira;Jasmineira elegans;Jasmineira elegans;0;0;0;4;0;0;0;0;0;1;3;0;0;0;0;4;0;3;1;3;0;0;1;0;3;1;0;0;0;4;0;0;0;0;0;4;0;0;0;4;4;0;0;4;0
129533;Animalia;Annelida;Polychaeta;Sabellida;Sabellidae;Jasmineira;NA;Jasmineira sp.;0;1;0;3;0;0;0;0;0;1;3;0;0;0;0;4;0;3;1;3;0;0;1;0;3;1;0;0;0;4;0;0;0;0;0;4;0;0;0;4;4;0;0;4;0
884676;Animalia;Annelida;Polychaeta;Terebellida;Cirratulidae;Kirkegaardia;NA;Kirkegaardia spp.;0;0;0;2;2;0;0;0;4;0;0;0;0;0;0;4;0;4;0;0;4;0;0;0;3;1;0;0;0;4;0;0;0;0;0;4;0;2;0;2;4;0;NA;NA;NA
131067;Animalia;Annelida;Polychaeta;Phyllodocida;Sigalionidae;Labioleanira;Labioleanira yhleni;Labioleanira yhleni;0;0;0;0;4;0;0;0;0;0;0;0;2;2;0;0;4;4;0;0;4;0;0;0;0;2;2;0;0;0;4;0;0;0;0;4;NA;NA;NA;NA;4;0;0;4;0
130206;Animalia;Annelida;Polychaeta;Phyllodocida;Lacydoniidae;Lacydonia;Lacydonia miranda;Lacydonia miranda;0;4;0;0;0;0;0;2;0;0;0;0;2;0;0;4;0;3;1;0;2;2;0;0;0;3;1;0;0;4;0;0;0;0;0;4;NA;NA;NA;NA;NA;NA;NA;NA;NA
129845;Animalia;Annelida;Polychaeta;Phyllodocida;Aphroditidae;Laetmonice;Laetmonice hystrix;Laetmonice hystrix;0;0;0;0;4;0;0;0;0;0;0;0;2;2;0;0;4;2;2;0;0;4;0;0;0;0;1;3;0;0;4;0;0;0;0;4;0;0;0;4;4;0;0;0;4
152367;Animalia;Annelida;Polychaeta;Terebellida;Pectinariidae;Lagis;Lagis koreni;Lagis koreni;0;0;0;4;0;0;0;3;1;0;0;0;0;0;0;4;0;4;0;4;0;0;0;0;0;4;0;0;0;0;0;4;0;0;1;3;0;0;4;0;0;4;4;0;0
131495;Animalia;Annelida;Polychaeta;Terebellida;Terebellidae;Lanice;Lanice conchilega;Lanice conchilega;0;0;0;0;0;0;4;0;2;0;2;0;0;0;0;4;0;4;0;4;0;0;0;0;4;0;0;0;0;0;0;0;4;0;0;4;0;0;4;0;4;0;0;4;0
131127;Animalia;Annelida;Polychaeta;Spionida;Spionidae;Laonice;Laonice bahusiensis;Laonice bahusiensis;0;0;0;0;4;0;0;0;2;0;2;0;0;0;0;4;0;4;0;4;0;0;0;0;2;2;0;0;0;0;0;2;2;0;0;4;0;0;4;0;4;0;4;0;0
559007;Animalia;Annelida;Polychaeta;NA;Maldanidae;Leiochone;Leiochone leiopygos;Leiochone leiopygos;0;0;0;0;0;4;0;3;1;0;0;0;0;0;0;4;0;4;0;4;0;0;0;0;3;1;0;0;0;0;0;2;2;0;0;4;0;0;0;4;4;0;0;4;0
742170;Animalia;Annelida;Polychaeta;Eunicida;Eunicidae;Leodice;Leodice harassii;Leodice harassii;0;0;0;0;0;0;4;0;0;0;0;0;2;2;0;0;4;2;2;0;1;3;0;0;0;0;3;1;0;0;4;0;0;0;0;4;0;0;4;0;4;0;0;4;0
742177;Animalia;Annelida;Polychaeta;Eunicida;Eunicidae;Leodice;Leodice torquata;Leodice torquata;0;0;0;0;0;0;4;0;0;0;0;0;2;2;0;0;4;2;2;0;1;3;0;0;0;0;3;1;0;0;4;0;0;0;0;4;0;4;0;0;4;0;0;4;0
131208;Animalia;Annelida;Polychaeta;Sabellida;Serpulidae;Leodora;Leodora laevis;Leodora laevis;4;0;0;0;0;0;0;0;0;2;2;0;0;0;0;4;0;0;4;4;0;0;0;0;4;0;0;0;4;0;0;0;0;0;1;3;1;0;3;1;4;0;3;1;0
129496;Animalia;Annelida;Polychaeta;Phyllodocida;Polynoidae;Lepidonotus;NA;Lepidonotus spp.;0;0;0;4;0;0;0;0;0;0;0;0;3;1;0;1;3;0;4;0;0;4;0;0;0;3;2;0;4;0;0;0;0;0;0;4;0;0;4;0;4;0;NA;NA;NA
1036014;Animalia;Annelida;Polychaeta;Terebellida;Terebellidae;Loimia;Loimia ramzega;Loimia ramzega;0;0;0;0;0;0;4;0;4;0;0;0;0;0;0;4;0;4;0;3;1;0;0;0;3;1;0;0;0;0;0;0;4;0;0;4;0;0;0;4;4;0;0;1;3
967;Animalia;Annelida;Polychaeta;Eunicida;Lumbrineridae;NA;NA;Lumbrineridae spp.;0;0;0;0;0;4;0;1;0;0;0;1;3;3;0;1;3;3;1;0;4;0;0;0;0;0;3;1;0;0;4;0;0;0;0;4;0;2;0;2;4;0;2;2;2
130235;Animalia;Annelida;Polychaeta;Eunicida;Lumbrineridae;Lumbrineriopsis;Lumbrineriopsis paradoxa;Lumbrineriopsis paradoxa;0;0;0;4;0;0;0;0;0;0;0;0;2;2;0;0;4;3;1;0;4;0;0;0;0;0;3;1;0;0;4;0;0;0;0;4;0;2;0;2;4;0;NA;NA;NA
129337;Animalia;Annelida;Polychaeta;Eunicida;Lumbrineridae;Lumbrineris;NA;Lumbrineris spp.;0;0;0;0;0;2;2;0;0;0;0;0;2;2;0;0;4;3;1;0;4;0;0;0;0;0;3;1;0;0;4;0;0;0;0;4;0;2;0;2;4;0;0;4;0
130071;Animalia;Annelida;Polychaeta;Eunicida;Eunicidae;Lysidice;Lysidice ninetta;Lysidice ninetta;0;0;0;0;0;4;0;0;0;0;0;2;2;2;0;0;4;2;2;0;1;3;0;0;0;1;3;0;0;0;4;0;0;0;0;4;0;0;4;0;4;0;0;4;0
742232;Animalia;Annelida;Polychaeta;Eunicida;Eunicidae;Lysidice;Lysidice unicornis;Lysidice unicornis;0;0;0;0;0;4;0;1;1;0;0;0;3;3;0;1;3;3;1;0;3;1;0;0;0;1;3;0;0;0;4;0;0;0;0;4;0;0;4;0;4;0;0;4;0
129745;Animalia;Annelida;Polychaeta;Terebellida;Acrocirridae;Macrochaeta;Macrochaeta clavicornis;Macrochaeta clavicornis;0;0;4;0;0;0;0;0;4;0;0;0;0;0;0;4;0;2;2;0;4;0;0;0;0;4;0;0;0;4;0;0;0;0;0;4;NA;NA;NA;NA;NA;NA;NA;NA;NA
129141;Animalia;Annelida;Polychaeta;Terebellida;Acrocirridae;Macrochaeta;NA;Macrochaeta sp.;0;1;3;1;0;0;0;0;4;0;0;0;0;0;0;4;0;2;2;0;4;0;0;0;0;4;0;0;0;4;0;0;0;0;0;4;NA;NA;NA;NA;NA;NA;NA;NA;NA
130301;Animalia;Annelida;Polychaeta;NA;Maldanidae;Macroclymene;Macroclymene santanderensis;Macroclymene santanderensis;0;0;0;0;0;4;0;3;1;0;0;0;0;0;0;4;0;4;0;4;0;0;0;0;3;1;0;0;0;0;0;4;0;0;0;4;0;2;0;2;4;0;NA;NA;NA
130266;Animalia;Annelida;Polychaeta;NA;Magelonidae;Magelona;Magelona alleni;Magelona alleni;0;0;0;4;0;0;0;2;3;0;1;0;0;0;0;4;0;4;0;4;0;0;0;0;2;2;0;0;0;4;0;0;0;0;0;4;0;0;4;0;0;4;4;0;0
130268;Animalia;Annelida;Polychaeta;NA;Magelonidae;Magelona;Magelona filiformis;Magelona filiformis;0;0;0;0;4;0;0;2;3;0;1;0;0;0;0;4;0;4;0;0;4;0;0;0;2;2;0;0;0;4;0;0;0;0;0;4;0;0;4;0;0;4;4;0;0
130270;Animalia;Annelida;Polychaeta;NA;Magelonidae;Magelona;Magelona minuta;Magelona minuta;0;0;0;0;2;2;0;2;3;0;1;0;0;0;0;4;0;4;0;0;4;0;0;0;2;2;0;0;0;4;0;0;0;0;0;4;0;0;4;0;0;4;0;4;0
129341;Animalia;Annelida;Polychaeta;NA;Magelonidae;Magelona;NA;Magelona sp.;0;0;0;2;2;2;0;2;3;0;1;0;0;0;0;4;0;4;0;2;2;0;0;0;2;2;0;0;0;4;0;0;0;0;0;4;0;0;4;0;0;4;4;0;0
130274;Animalia;Annelida;Polychaeta;NA;Magelonidae;Magelona;Magelona wilsoni;Magelona wilsoni;0;0;0;0;3;1;0;2;3;0;1;0;0;0;0;4;0;4;0;0;4;0;0;0;2;2;0;0;0;4;0;0;0;0;0;4;0;0;4;0;0;4;0;4;0
131131;Animalia;Annelida;Polychaeta;Spionida;Spionidae;Malacoceros;Malacoceros fuliginosus;Malacoceros fuliginosus;0;0;0;0;0;4;0;0;4;0;0;0;0;0;0;4;0;4;0;1;3;0;0;0;2;2;0;0;0;0;0;2;2;0;0;4;0;0;4;0;4;0;4;0;0
338471;Animalia;Annelida;Polychaeta;Spionida;Spionidae;Malacoceros;Malacoceros girardi;Malacoceros girardi;0;0;0;0;0;4;0;0;4;0;0;0;0;0;0;4;0;4;0;1;3;0;0;0;2;2;0;0;0;0;0;2;2;0;0;4;0;0;4;0;4;0;4;0;0
129614;Animalia;Annelida;Polychaeta;Spionida;Spionidae;Malacoceros;NA;Malacoceros spp.;0;0;0;3;2;3;0;0;4;0;0;0;0;0;0;4;0;4;0;1;3;0;0;0;2;2;0;0;0;0;0;2;2;0;0;4;0;0;4;0;4;0;4;0;0
130303;Animalia;Annelida;Polychaeta;NA;Maldanidae;Maldane;Maldane glebifex;Maldane glebifex;0;0;0;0;4;0;0;3;1;0;0;0;0;0;0;4;0;4;0;4;0;0;0;0;3;1;0;0;0;0;0;4;0;0;0;4;0;2;0;2;4;0;NA;NA;NA
129352;Animalia;Annelida;Polychaeta;NA;Maldanidae;Maldane;NA;Maldane sp.;0;0;0;1;3;0;0;3;1;0;0;0;0;0;0;4;0;4;0;3;1;0;0;0;3;1;0;0;0;0;0;4;0;0;0;4;0;2;0;2;4;0;0;4;0
923;Animalia;Annelida;Polychaeta;NA;Maldanidae;NA;NA;Maldanidae spp.;0;2;2;2;2;2;2;3;1;0;0;0;0;0;0;4;0;4;0;4;0;0;0;0;3;1;0;0;0;0;0;4;0;0;1;3;0;2;0;2;4;0;NA;NA;NA
147008;Animalia;Annelida;Polychaeta;Phyllodocida;Polynoidae;Malmgrenia;Malmgrenia andreapolis;Malmgrenia andreapolis;0;0;0;4;0;0;0;0;0;0;0;0;3;1;0;1;3;1;3;0;0;4;0;0;0;3;2;0;0;0;4;0;0;0;0;4;0;0;4;0;4;0;NA;NA;NA
152276;Animalia;Annelida;Polychaeta;Phyllodocida;Polynoidae;Malmgrenia;Malmgrenia arenicolae;Malmgrenia arenicolae;0;0;0;4;0;0;0;0;0;0;0;0;3;1;0;1;3;1;3;0;0;4;0;0;0;3;2;0;0;0;4;0;0;0;0;4;0;0;4;0;4;0;NA;NA;NA
152357;Animalia;Annelida;Polychaeta;Phyllodocida;Polynoidae;Malmgrenia;Malmgrenia castanea;Malmgrenia castanea;0;0;0;4;0;0;0;0;0;0;0;0;3;1;0;1;3;1;3;0;0;4;0;0;0;3;2;0;0;0;4;0;0;0;0;4;0;0;4;0;4;0;NA;NA;NA
863197;Animalia;Annelida;Polychaeta;Phyllodocida;Polynoidae;Malmgrenia;Malmgrenia darbouxi;Malmgrenia darbouxi;0;0;4;0;0;0;0;0;0;0;0;0;3;1;0;1;3;1;3;0;0;4;0;0;0;3;2;0;0;0;4;0;0;0;0;4;0;0;4;0;4;0;2;2;0
152304;Animalia;Annelida;Polychaeta;Phyllodocida;Polynoidae;Malmgrenia;Malmgrenia ljungmani;Malmgrenia ljungmani;0;0;0;4;0;0;0;0;0;0;0;0;3;1;0;1;3;1;3;0;0;4;0;0;0;3;2;0;0;0;4;0;0;0;0;4;0;0;4;0;4;0;NA;NA;NA
155194;Animalia;Annelida;Polychaeta;Phyllodocida;Polynoidae;Malmgrenia;Malmgrenia lunulata;Malmgrenia lunulata;0;0;0;4;0;0;0;0;0;0;0;0;3;1;0;1;3;1;3;0;0;4;0;0;0;3;2;0;0;0;4;0;0;0;0;4;0;0;4;0;4;0;2;2;0
152267;Animalia;Annelida;Polychaeta;Phyllodocida;Polynoidae;Malmgrenia;Malmgrenia marphysae;Malmgrenia marphysae;0;0;0;4;0;0;0;0;0;0;0;0;3;1;0;1;3;1;3;0;0;4;0;0;0;3;2;0;0;0;4;0;0;0;0;4;0;0;4;0;4;0;NA;NA;NA
147007;Animalia;Annelida;Polychaeta;Phyllodocida;Polynoidae;Malmgrenia;Malmgrenia mcintoshi;Malmgrenia mcintoshi;0;0;0;4;0;0;0;0;0;0;0;0;3;1;0;1;3;1;3;0;0;4;0;0;0;3;2;0;0;0;4;0;0;0;0;4;0;0;4;0;4;0;NA;NA;NA
863304;Animalia;Annelida;Polychaeta;Phyllodocida;Polynoidae;Malmgrenia;Malmgrenia polypapillata;Malmgrenia polypapillata;0;0;0;4;0;0;0;0;0;0;0;0;3;1;0;1;3;1;3;0;0;4;0;0;0;3;2;0;0;0;4;0;0;0;0;4;0;0;4;0;4;0;2;2;0
147006;Animalia;Annelida;Polychaeta;Phyllodocida;Polynoidae;Malmgrenia;NA;Malmgrenia spp.;0;0;0;4;0;0;0;0;0;0;0;0;3;1;0;1;3;1;3;0;0;4;0;0;0;3;2;0;0;0;4;0;0;0;0;4;0;0;4;0;4;0;2;2;0
130075;Animalia;Annelida;Polychaeta;Eunicida;Eunicidae;Marphysa;Marphysa sanguinea;Marphysa sanguinea;0;0;0;0;0;0;4;0;0;0;0;0;2;2;0;0;4;3;1;0;3;1;0;0;0;3;1;0;0;0;4;0;0;0;0;4;0;0;0;4;4;0;0;4;0
110368;Animalia;Annelida;Polychaeta;Echiuroidea;Bonelliidae;Maxmuelleria;Maxmuelleria lankesteri;Maxmuelleria lankesteri;0;0;0;0;4;0;0;0;4;0;0;0;0;0;0;4;0;4;0;0;4;0;0;0;3;1;0;0;0;0;0;0;2;2;0;4;0;1;0;3;NA;NA;0;4;0
110354;Animalia;Annelida;Polychaeta;Echiuroidea;Bonelliidae;Maxmuelleria;NA;Maxmuelleria sp.;0;0;0;0;4;0;0;0;4;0;0;0;0;0;0;4;0;4;0;0;4;0;0;0;0;4;0;0;0;0;0;0;2;2;0;4;0;1;0;3;NA;NA;0;4;0
129808;Animalia;Annelida;Polychaeta;Terebellida;Ampharetidae;Melinna;Melinna palmata;Melinna palmata;0;0;0;4;0;0;0;0;4;0;0;0;0;0;0;4;0;4;0;4;0;0;0;0;3;1;0;0;0;0;0;2;2;0;0;4;0;0;0;4;4;0;1;3;0
130309;Animalia;Annelida;Polychaeta;NA;Maldanidae;Microclymene;Microclymene tricirrata;Microclymene tricirrata;0;0;0;4;0;0;0;3;1;0;0;0;0;0;0;4;0;4;0;4;0;0;0;0;3;1;0;0;0;0;0;2;2;0;0;4;0;2;0;2;4;0;NA;NA;NA
130380;Animalia;Annelida;Polychaeta;Phyllodocida;Nereididae;Micronereis;Micronereis variegata;Micronereis variegata;2;2;0;0;0;0;0;0;2;0;0;2;2;2;0;2;2;0;4;0;0;4;0;0;0;3;1;0;0;0;4;0;0;0;0;4;0;0;0;4;0;4;3;1;0
324829;Animalia;Annelida;Polychaeta;Phyllodocida;Hesionidae;Micropodarke;NA;Micropodarke sp.;0;0;0;4;0;0;0;0;0;0;0;0;3;2;0;1;3;0;4;0;0;4;0;0;0;2;2;0;0;0;4;0;0;0;0;4;0;0;3;1;4;0;4;0;0
129616;Animalia;Annelida;Polychaeta;Spionida;Spionidae;Microspio;NA;Microspio spp.;0;0;0;4;0;0;0;0;2;0;2;0;0;0;0;4;0;4;0;4;0;0;0;0;2;2;0;0;0;0;0;2;2;0;0;4;0;0;4;0;4;0;NA;NA;NA
129659;Animalia;Annelida;Polychaeta;Phyllodocida;Syllidae;Myrianida;NA;Myrianida spp.;0;0;1;3;0;0;0;0;2;0;0;2;3;3;0;2;2;1;3;0;1;3;0;0;0;4;0;0;0;4;0;0;0;0;0;4;0;2;0;2;4;0;4;0;0
130540;Animalia;Annelida;Polychaeta;NA;Oweniidae;Myriochele;Myriochele danielsseni;Myriochele danielsseni;0;0;0;0;4;0;0;0;4;0;0;0;0;0;0;4;0;4;0;4;0;0;0;0;3;1;0;0;0;4;0;0;0;0;0;4;0;0;4;0;4;0;2;2;0
130542;Animalia;Annelida;Polychaeta;NA;Oweniidae;Myriochele;Myriochele heeri;Myriochele heeri;0;0;0;4;0;0;0;0;4;0;0;0;0;0;0;4;0;4;0;4;0;0;0;0;3;1;0;0;0;4;0;0;0;0;0;4;0;0;4;0;4;0;2;2;0
147026;Animalia;Annelida;Polychaeta;Phyllodocida;Phyllodocidae;Mysta;Mysta picta;Mysta picta;0;0;0;4;0;0;0;0;0;0;0;0;2;2;0;0;4;3;1;0;2;2;0;0;0;2;2;0;0;0;4;0;0;0;0;4;0;0;2;2;4;0;0;4;0
130931;Animalia;Annelida;Polychaeta;Sabellida;Sabellidae;Myxicola;Myxicola aesthetica;Myxicola aesthetica;0;0;0;4;0;0;0;0;0;1;3;0;0;0;0;4;0;3;1;4;0;0;0;0;4;0;0;0;0;4;0;0;0;0;1;3;0;0;0;4;4;0;0;4;0
130932;Animalia;Annelida;Polychaeta;Sabellida;Sabellidae;Myxicola;Myxicola infundibulum;Myxicola infundibulum;0;0;0;0;0;0;4;0;0;1;3;0;0;0;0;4;0;3;1;4;0;0;0;0;4;0;0;0;0;4;0;0;0;0;1;3;0;0;0;4;4;0;0;4;0
157496;Animalia;Annelida;Polychaeta;Phyllodocida;Nereididae;Neanthes;Neanthes acuminata;Neanthes acuminata;0;0;0;0;4;0;0;0;2;0;0;2;2;2;0;2;2;3;1;3;0;1;0;0;0;2;2;0;0;0;4;0;0;0;0;4;0;4;0;0;0;4;3;1;0
334102;Animalia;Annelida;Polychaeta;Phyllodocida;Nereididae;Neanthes;Neanthes nubila;Neanthes nubila;0;0;0;0;0;0;4;0;2;0;0;2;2;2;0;2;2;3;1;3;0;1;0;0;0;2;2;0;0;0;4;0;0;0;0;4;0;4;0;0;0;4;3;1;0
131502;Animalia;Annelida;Polychaeta;Terebellida;Terebellidae;Neoamphitrite;Neoamphitrite affinis;Neoamphitrite affinis;0;0;0;0;3;1;0;0;4;0;0;0;0;0;0;4;0;4;0;4;0;0;0;0;3;1;0;0;0;0;0;0;4;0;0;4;0;0;0;4;4;0;NA;NA;NA
131503;Animalia;Annelida;Polychaeta;Terebellida;Terebellidae;Neoamphitrite;Neoamphitrite edwardsii;Neoamphitrite edwardsi;0;0;0;0;0;0;4;0;4;0;0;0;0;0;0;4;0;4;0;4;0;0;0;0;3;1;0;0;0;0;0;0;4;0;0;4;0;0;0;4;4;0;0;4;0
131504;Animalia;Annelida;Polychaeta;Terebellida;Terebellidae;Neoamphitrite;Neoamphitrite figulus;Neoamphitrite figulus;0;0;0;0;0;3;2;0;4;0;0;0;0;0;0;4;0;4;0;4;0;0;0;0;3;1;0;0;0;0;0;0;4;0;0;4;0;0;0;4;4;0;4;0;0
129702;Animalia;Annelida;Polychaeta;Terebellida;Terebellidae;Neoamphitrite;NA;Neoamphitrite sp.;0;0;0;1;0;1;2;0;4;0;0;0;0;0;0;4;0;4;0;4;0;0;0;0;3;1;0;0;0;0;0;0;4;0;0;4;0;0;0;4;4;0;0;4;0
743514;Animalia;Annelida;Polychaeta;Phyllodocida;Hesionidae;Neogyptis;Neogyptis rosea;Neogyptis rosea;0;0;0;4;0;0;0;0;0;0;0;0;3;2;0;2;2;1;3;0;1;3;1;0;0;2;2;0;0;0;4;0;0;0;0;4;0;0;4;0;4;0;4;0;0
131069;Animalia;Annelida;Polychaeta;Phyllodocida;Sigalionidae;Neoleanira;Neoleanira tetragona;Neoleanira tetragona;0;0;0;0;0;4;0;0;0;0;0;0;2;2;0;0;4;4;0;0;4;0;0;0;0;2;2;0;0;0;4;0;0;0;0;4;NA;NA;NA;NA;4;0;0;4;0
130359;Animalia;Annelida;Polychaeta;Phyllodocida;Nephtyidae;Nephtys;Nephtys hombergii;Nephtys cf. hombergii;0;0;0;0;0;4;0;0;0;0;0;0;2;2;0;0;4;4;0;0;3;1;1;0;0;0;0;4;0;0;4;0;0;0;0;4;0;0;4;0;4;0;0;3;1
130357;Animalia;Annelida;Polychaeta;Phyllodocida;Nephtyidae;Nephtys;Nephtys cirrosa;Nephtys cirrosa;0;0;0;0;4;0;0;0;0;0;0;0;2;2;0;0;4;4;0;0;3;1;1;0;0;0;0;4;0;0;4;0;0;0;0;4;0;0;4;0;4;0;0;3;1
129370;Animalia;Annelida;Polychaeta;Phyllodocida;Nephtyidae;Nephtys;NA;Nephtys spp.;0;0;0;2;2;2;0;0;0;0;0;0;2;2;0;0;4;4;0;0;3;1;1;0;0;0;0;4;0;0;4;0;0;0;0;4;0;0;4;0;4;0;0;3;1
130185;Animalia;Annelida;Polychaeta;Phyllodocida;Hesionidae;Nereimyra;Nereimyra punctata;Nereimyra punctata;0;0;0;4;0;0;0;0;0;0;0;0;3;2;0;4;0;3;1;0;3;1;0;0;0;2;2;0;0;0;4;0;0;0;0;4;0;0;4;0;4;0;NA;NA;NA
130659;Animalia;Annelida;Polychaeta;Phyllodocida;Phyllodocidae;Nereiphylla;Nereiphylla rubiginosa;Nereiphylla rubiginosa;0;0;0;2;2;0;0;0;0;0;0;0;2;2;0;0;4;1;3;0;1;3;0;0;0;2;2;0;0;0;4;0;0;0;0;4;0;0;2;2;NA;NA;NA;NA;NA
129451;Animalia;Annelida;Polychaeta;Phyllodocida;Phyllodocidae;Nereiphylla;NA;Nereiphylla sp.;0;0;0;4;0;0;0;0;0;0;0;0;2;2;0;0;4;1;3;0;1;3;0;0;0;2;2;0;0;0;4;0;0;0;0;4;0;0;2;2;4;0;0;2;2
129379;Animalia;Annelida;Polychaeta;Phyllodocida;Nereididae;Nereis;NA;Nereis spp.;0;0;0;2;2;3;0;0;2;0;0;2;2;2;0;2;2;2;2;0;3;3;1;0;0;2;2;0;0;0;4;0;0;0;0;4;0;0;0;4;0;4;3;1;0
131507;Animalia;Annelida;Polychaeta;Terebellida;Terebellidae;Nicolea;Nicolea venustula;Nicolea venustula;0;0;0;0;4;0;0;0;4;0;0;0;0;0;0;4;0;4;0;4;0;0;0;0;3;1;0;0;0;0;0;0;4;0;0;4;0;4;0;0;0;4;NA;NA;NA
130311;Animalia;Annelida;Polychaeta;NA;Maldanidae;Nicomache;Nicomache lumbricalis;Nicomache lumbricalis;0;0;0;0;0;4;0;3;1;0;0;0;0;0;0;4;0;4;0;4;0;0;0;0;3;1;0;0;0;0;0;2;2;0;0;4;2;2;0;2;4;0;NA;NA;NA
130466;Animalia;Annelida;Polychaeta;Eunicida;Onuphidae;Nothria;Nothria britannica;Nothria britannica;0;0;0;4;0;0;0;0;4;0;0;0;0;0;0;4;0;2;2;3;0;1;0;0;3;2;0;0;0;4;0;0;0;0;0;4;0;2;0;2;4;0;0;4;0
130467;Animalia;Annelida;Polychaeta;Eunicida;Onuphidae;Nothria;Nothria conchylega;Nothria conchylega;0;0;0;0;0;4;0;0;4;0;0;0;0;0;0;4;0;2;2;2;0;2;0;0;3;2;0;0;0;4;0;0;0;0;0;4;0;2;0;2;4;0;NA;NA;NA
129898;Animalia;Annelida;Polychaeta;NA;Capitellidae;Notomastus;Notomastus latericeus;Notomastus latericeus;0;0;0;0;0;2;2;4;0;0;0;0;0;0;0;4;0;4;0;0;4;0;0;0;1;3;0;0;0;0;0;4;0;0;0;4;0;0;0;4;NA;NA;4;0;0
130661;Animalia;Annelida;Polychaeta;Phyllodocida;Phyllodocidae;Notophyllum;Notophyllum foliosum;Notophyllum foliosum;0;0;0;0;4;0;0;0;0;0;0;0;2;2;0;0;4;1;3;0;1;3;0;0;0;2;2;0;0;0;4;0;0;0;0;4;0;0;2;2;NA;NA;0;4;0
131325;Animalia;Annelida;Polychaeta;Phyllodocida;Syllidae;Odontosyllis;Odontosyllis ctenostoma;Odontosyllis ctenostoma;0;0;0;4;0;0;0;0;2;0;0;2;3;3;0;2;2;1;3;0;2;3;1;0;0;4;0;0;0;0;4;0;0;0;0;4;0;0;0;4;4;0;4;0;0
131327;Animalia;Annelida;Polychaeta;Phyllodocida;Syllidae;Odontosyllis;Odontosyllis fulgurans;Odontosyllis fulgurans;0;0;0;4;0;0;0;0;2;0;0;2;3;3;0;2;2;1;3;0;2;3;1;0;0;4;0;0;0;0;4;0;0;0;0;4;0;0;0;4;4;0;4;0;0
131328;Animalia;Annelida;Polychaeta;Phyllodocida;Syllidae;Odontosyllis;Odontosyllis gibba;Odontosyllis gibba;0;0;0;4;0;0;0;0;2;0;0;2;3;3;0;2;2;1;3;0;2;3;1;0;0;4;0;0;0;0;4;0;0;0;0;4;0;0;0;4;4;0;4;0;0
129660;Animalia;Annelida;Polychaeta;Phyllodocida;Syllidae;Odontosyllis;NA;Odontosyllis sp.;0;0;0;4;0;0;0;0;2;0;0;2;3;3;0;2;2;1;3;0;2;3;1;0;0;4;0;0;0;0;4;0;0;0;0;4;0;0;0;4;4;0;4;0;0
965;Animalia;Annelida;Polychaeta;Eunicida;Onuphidae;NA;NA;Onuphidae sp.;0;0;0;0;2;2;2;0;2;0;0;2;3;3;0;3;1;2;2;3;0;1;0;0;2;3;0;0;0;4;0;0;0;0;1;3;0;2;0;2;4;0;0;4;0
130470;Animalia;Annelida;Polychaeta;Eunicida;Onuphidae;Onuphis;Onuphis eremita;Onuphis eremita;0;0;0;0;4;0;0;0;0;0;0;0;2;2;0;0;4;3;1;4;0;0;0;0;3;1;0;0;0;4;0;0;0;0;0;4;0;2;0;2;4;0;NA;NA;NA
130490;Animalia;Annelida;Polychaeta;NA;Opheliidae;Ophelia;Ophelia bicornis;Ophelia bicornis;0;0;0;4;0;0;0;4;0;0;0;0;0;0;0;4;0;4;0;0;4;0;0;0;0;0;2;2;0;0;4;0;0;0;0;4;0;0;0;4;4;0;0;2;2
130491;Animalia;Annelida;Polychaeta;NA;Opheliidae;Ophelia;Ophelia borealis;Ophelia borealis;0;0;0;4;0;0;0;4;0;0;0;0;0;0;0;4;0;4;0;0;4;0;0;0;0;2;2;2;0;0;4;0;0;0;0;4;0;0;0;4;4;0;0;0;4
130495;Animalia;Annelida;Polychaeta;NA;Opheliidae;Ophelia;Ophelia neglecta;Ophelia neglecta;0;0;0;4;0;0;0;4;0;0;0;0;0;0;0;4;0;4;0;0;4;0;0;0;0;2;2;2;0;0;4;0;0;0;0;4;0;0;0;4;4;0;0;0;4
130497;Animalia;Annelida;Polychaeta;NA;Opheliidae;Ophelia;Ophelia roscoffensis;Ophelia roscoffensis;0;0;0;4;0;0;0;4;0;0;0;0;0;0;0;4;0;4;0;0;4;0;0;0;0;0;2;2;0;0;4;0;0;0;0;4;0;0;0;4;4;0;0;2;2
129413;Animalia;Annelida;Polychaeta;NA;Opheliidae;Ophelia;NA;Ophelia spp.;0;0;0;3;1;0;0;4;0;0;0;0;0;0;0;4;0;4;0;0;4;0;0;0;0;2;2;2;0;0;4;0;0;0;0;4;0;0;0;4;4;0;0;0;4
129414;Animalia;Annelida;Polychaeta;NA;Opheliidae;Ophelina;NA;Ophelina spp.;0;2;3;2;0;0;0;3;1;0;0;0;0;0;0;4;0;3;1;0;3;0;1;0;0;0;2;2;0;0;4;0;0;0;0;4;0;0;2;2;NA;NA;NA;NA;NA
129661;Animalia;Annelida;Polychaeta;Phyllodocida;Syllidae;Opisthodonta;NA;Opisthodonta spp.;0;0;0;4;0;0;0;0;2;0;0;2;3;3;0;2;2;1;3;0;2;3;1;0;0;4;0;0;0;0;4;0;0;0;0;4;0;0;0;4;4;0;4;0;0
130522;Animalia;Annelida;Polychaeta;NA;Orbiniidae;Orbinia;Orbinia latreillii;Orbinia latreillii;0;0;0;0;0;0;4;4;0;0;0;0;0;0;0;4;0;4;0;0;4;0;0;0;0;0;2;2;0;0;4;0;0;0;0;4;0;2;0;2;4;0;0;4;0
130523;Animalia;Annelida;Polychaeta;NA;Orbiniidae;Orbinia;Orbinia sertulata;Orbinia sertulata;0;0;0;0;0;0;4;4;0;0;0;0;0;0;0;4;0;4;0;0;4;0;0;0;0;0;2;2;0;0;4;0;0;0;0;4;0;2;0;2;4;0;0;4;0
129420;Animalia;Annelida;Polychaeta;NA;Orbiniidae;Orbinia;NA;Orbinia sp.;0;0;0;0;0;0;4;4;0;0;0;0;0;0;0;4;0;4;0;0;4;0;0;0;0;0;2;2;0;0;4;0;0;0;0;4;0;2;0;2;4;0;0;4;0
130943;Animalia;Annelida;Polychaeta;Sabellida;Sabellidae;Oriopsis;Oriopsis hynensis;Oriopsis hynensis;0;4;0;0;0;0;0;0;0;1;3;0;0;0;0;4;0;3;1;4;0;0;0;0;4;0;0;0;0;4;0;0;0;0;1;3;0;0;0;4;4;0;0;4;0
130544;Animalia;Annelida;Polychaeta;NA;Oweniidae;Owenia;Owenia fusiformis;Owenia fusiformis;0;0;0;0;4;0;0;0;3;2;0;0;0;0;0;3;2;3;1;4;0;0;0;0;3;1;0;0;0;4;0;0;0;0;0;4;0;0;4;0;4;0;1;3;0
710680;Animalia;Annelida;Polychaeta;Phyllodocida;Hesionidae;Oxydromus;Oxydromus flexuosus;Oxydromus flexuosus;0;0;0;0;4;0;0;0;0;0;0;0;3;2;0;2;2;0;4;0;0;4;0;0;0;2;2;0;0;0;4;0;0;0;0;4;0;0;4;0;4;0;4;0;0
340203;Animalia;Annelida;Polychaeta;Phyllodocida;Hesionidae;Oxydromus;Oxydromus pallidus;Oxydromus pallidus;0;0;4;0;0;0;0;0;0;0;0;0;3;2;0;2;2;0;4;0;0;4;0;0;0;2;2;0;0;0;4;0;0;0;0;4;0;0;4;0;4;0;4;0;0
130579;Animalia;Annelida;Polychaeta;NA;Paraonidae;Paradoneis;Paradoneis armata;Paradoneis armata;0;0;0;4;0;0;0;3;1;0;0;0;0;0;0;4;0;4;0;0;4;0;0;0;0;3;1;0;0;4;0;0;0;0;0;4;0;2;0;2;0;4;NA;NA;NA
130584;Animalia;Annelida;Polychaeta;NA;Paraonidae;Paradoneis;Paradoneis ilvana;Paradoneis ilvana;0;0;0;4;0;0;0;3;1;0;0;0;0;0;0;4;0;4;0;0;4;0;0;0;0;3;1;0;0;4;0;0;0;0;0;4;0;1;0;3;0;4;4;0;0
130585;Animalia;Annelida;Polychaeta;NA;Paraonidae;Paradoneis;Paradoneis lyra;Paradoneis lyra;0;0;0;4;0;0;0;3;1;0;0;0;0;0;0;4;0;4;0;0;4;0;0;0;0;3;1;0;0;4;0;0;0;0;0;4;0;2;0;2;0;4;4;0;0
129433;Animalia;Annelida;Polychaeta;NA;Paraonidae;Paradoneis;NA;Paradoneis sp.;0;0;0;4;0;0;0;3;1;0;0;0;0;0;0;4;0;4;0;0;4;0;0;0;0;3;1;0;0;4;0;0;0;0;0;4;0;2;0;2;0;4;NA;NA;NA
131511;Animalia;Annelida;Polychaeta;Terebellida;Terebellidae;Paramphitrite;Paramphitrite tetrabranchia;Paramphitrite tetrabranchia;0;0;0;4;0;0;0;0;4;0;0;0;0;0;0;4;0;4;0;3;1;0;0;0;3;1;0;0;0;4;0;0;0;0;0;4;0;0;0;4;4;0;0;4;0
130662;Animalia;Annelida;Polychaeta;Phyllodocida;Phyllodocidae;Paranaitis;Paranaitis kosteriensis;Paranaitis kosteriensis;0;0;0;0;4;0;0;0;0;0;0;0;2;2;0;0;4;2;2;0;2;2;0;0;0;2;2;0;0;0;4;0;0;0;0;4;0;0;2;2;4;0;0;4;0
903;Animalia;Annelida;Polychaeta;NA;Paraonidae;NA;NA;Paraonidae spp.;0;0;3;3;1;0;0;3;1;0;0;0;0;0;0;4;0;4;0;0;4;0;0;0;0;3;1;0;0;4;0;0;0;0;0;4;0;2;0;2;0;4;NA;NA;NA
325958;Animalia;Annelida;Polychaeta;Sabellida;Sabellidae;Parasabella;NA;Parasabella sp.;0;0;0;0;4;0;0;0;0;1;3;0;0;0;0;4;0;3;1;4;0;0;0;0;4;0;0;0;0;4;0;0;0;0;1;3;0;0;0;4;4;0;0;4;0
131512;Animalia;Annelida;Polychaeta;Terebellida;Terebellidae;Parathelepus;Parathelepus collaris;Parathelepus collaris;0;0;0;4;0;0;0;0;4;0;0;0;0;0;0;4;0;4;0;4;0;0;0;0;3;1;0;0;0;0;0;0;4;0;0;4;0;0;0;4;NA;NA;NA;NA;NA
129838;Animalia;Annelida;Polychaeta;Amphinomida;Amphinomidae;Pareurythoe;Pareurythoe borealis;Pareurythoe borealis;0;0;0;4;0;0;0;0;1;0;0;0;2;3;0;1;3;1;3;0;2;3;1;0;0;4;0;0;0;0;4;0;0;0;0;4;NA;NA;NA;NA;4;0;NA;NA;NA
757970;Animalia;Annelida;Polychaeta;Phyllodocida;Syllidae;Parexogone;Parexogone hebes;Parexogone hebes;0;0;4;0;0;0;0;0;2;0;0;2;3;3;0;2;2;1;3;0;2;3;1;0;0;4;0;0;0;0;4;0;0;0;0;4;0;4;0;0;4;0;4;0;0
130036;Animalia;Annelida;Polychaeta;Eunicida;Dorvilleidae;Parougia;Parougia caeca;Parougia caeca;0;0;4;0;0;0;0;0;2;0;0;2;3;3;0;2;2;1;3;0;0;3;1;0;0;3;1;0;0;0;4;0;0;0;1;3;0;2;0;2;4;0;4;0;0
1297885;Animalia;Annelida;Polychaeta;Eunicida;Eunicidae;Paucibranchia;Paucibranchia bellii;Paucibranchia bellii;0;0;0;0;0;4;0;0;0;0;0;0;4;0;0;0;4;4;0;0;4;0;0;0;0;4;0;0;0;0;4;0;0;0;0;4;0;0;0;4;4;0;0;4;0
131071;Animalia;Annelida;Polychaeta;Phyllodocida;Sigalionidae;Pelogenia;Pelogenia arenosa;Pelogenia arenosa;0;0;0;0;0;4;0;0;0;0;0;0;2;2;0;0;4;4;0;0;4;0;0;0;0;2;2;0;0;0;4;0;0;0;0;4;NA;NA;NA;NA;4;0;0;4;0
130408;Animalia;Annelida;Polychaeta;Phyllodocida;Nereididae;Perinereis;Perinereis cultrifera;Perinereis cultrifera;0;0;0;0;0;2;2;0;0;0;0;3;1;1;0;2;2;3;1;0;3;1;0;0;1;3;0;0;0;0;4;0;0;0;0;4;0;2;0;2;0;4;3;1;0
330500;Animalia;Annelida;Polychaeta;NA;Maldanidae;Petaloproctus;Petaloproctus terricolus;Petaloproctus terricolus;0;0;0;0;0;4;0;3;1;0;0;0;0;0;0;4;0;4;0;4;0;0;0;0;3;1;0;0;0;0;0;2;2;0;0;4;0;2;0;2;4;0;NA;NA;NA
130597;Animalia;Annelida;Polychaeta;Terebellida;Pectinariidae;Petta;Petta pusilla;Petta pusilla;0;0;3;1;0;0;0;3;1;0;0;0;0;0;0;4;0;4;0;4;0;0;0;0;0;4;0;0;0;0;0;4;0;0;0;4;0;0;4;0;4;0;4;0;0
236678;Animalia;Annelida;Polychaeta;Phyllodocida;Polynoidae;Pettibonesia;Pettibonesia furcosetosa;Pettibonesia furcosetosa;0;0;0;4;0;0;0;0;0;0;0;0;3;1;0;1;3;2;2;0;0;4;0;0;0;3;2;0;0;0;4;0;0;0;0;4;0;0;4;0;4;0;NA;NA;NA
130112;Animalia;Annelida;Polychaeta;Terebellida;Flabelligeridae;Pherusa;Pherusa monilifera;Pherusa monilifera;0;0;0;0;0;4;0;0;4;0;0;0;0;0;0;4;0;3;1;0;4;0;0;0;3;1;0;0;0;0;0;4;0;0;0;4;0;0;0;4;4;0;NA;NA;NA
130113;Animalia;Annelida;Polychaeta;Terebellida;Flabelligeridae;Pherusa;Pherusa plumosa;Pherusa plumosa;0;0;0;0;4;0;0;0;4;0;0;0;0;0;0;4;0;3;1;0;4;0;0;0;3;1;0;0;0;0;0;4;0;0;0;4;0;0;0;4;4;0;0;4;0
130601;Animalia;Annelida;Polychaeta;Phyllodocida;Pholoidae;Pholoe;Pholoe inornata;Pholoe inornata;0;0;3;1;0;0;0;0;0;0;0;0;2;2;0;2;2;2;2;0;2;2;0;0;0;3;1;0;0;4;0;0;0;0;0;4;0;0;4;0;4;0;0;4;0
129232;Animalia;Annelida;Polychaeta;NA;Chaetopteridae;Phyllochaetopterus;NA;Phyllochaetopterus sp.;0;0;0;4;0;0;0;0;0;4;0;0;0;0;0;4;0;3;1;4;0;0;0;0;4;0;0;0;0;0;0;2;2;0;0;4;1;0;3;0;4;0;4;0;0
130666;Animalia;Annelida;Polychaeta;Phyllodocida;Phyllodocidae;Phyllodoce;Phyllodoce citrina;Phyllodoce citrina;0;0;0;0;3;2;0;0;0;0;0;0;2;2;0;0;4;3;1;0;3;1;0;0;0;2;2;0;0;0;4;0;0;0;0;4;0;0;4;0;4;0;NA;NA;NA
130670;Animalia;Annelida;Polychaeta;Phyllodocida;Phyllodocidae;Phyllodoce;Phyllodoce laminosa;Phyllodoce laminosa;0;0;0;0;0;0;4;0;0;0;0;0;2;2;0;0;4;3;1;0;3;1;0;0;0;2;2;0;0;0;4;0;0;0;0;4;0;0;4;0;4;0;NA;NA;NA
334508;Animalia;Annelida;Polychaeta;Phyllodocida;Phyllodocidae;Phyllodoce;Phyllodoce lineata;Phyllodoce lineata;0;0;0;0;0;0;4;0;0;0;0;0;2;2;0;0;4;3;1;0;3;1;0;0;0;2;2;0;0;0;4;0;0;0;0;4;0;0;4;0;4;0;0;4;0
130673;Animalia;Annelida;Polychaeta;Phyllodocida;Phyllodocidae;Phyllodoce;Phyllodoce longipes;Phyllodoce longipes;0;0;0;4;0;0;0;0;0;0;0;0;2;2;0;0;4;3;1;0;3;1;0;0;0;2;2;0;0;0;4;0;0;0;0;4;0;0;4;0;4;0;0;4;0
334510;Animalia;Annelida;Polychaeta;Phyllodocida;Phyllodocidae;Phyllodoce;Phyllodoce maculata;Phyllodoce maculata;0;0;0;0;4;0;0;0;0;0;0;0;2;2;0;0;4;3;1;0;3;1;0;0;0;2;2;0;0;0;4;0;0;0;0;4;0;0;4;0;4;0;0;4;0
334512;Animalia;Annelida;Polychaeta;Phyllodocida;Phyllodocidae;Phyllodoce;Phyllodoce mucosa;Phyllodoce mucosa;0;0;0;0;3;2;0;0;0;0;0;0;2;2;0;0;4;3;1;0;3;1;0;0;0;2;2;0;0;0;4;0;0;0;0;4;0;0;4;0;4;0;0;4;0
334514;Animalia;Annelida;Polychaeta;Phyllodocida;Phyllodocidae;Phyllodoce;Phyllodoce rosea;Phyllodoce rosea;0;0;0;4;0;0;0;0;0;0;0;0;2;2;0;0;4;3;1;0;3;1;0;0;0;2;2;0;0;0;4;0;0;0;0;4;0;0;4;0;4;0;0;4;0
129455;Animalia;Annelida;Polychaeta;Phyllodocida;Phyllodocidae;Phyllodoce;NA;Phyllodoce spp.;0;0;0;2;3;2;3;0;0;0;0;0;2;2;0;0;4;3;1;0;3;1;0;0;0;2;2;0;0;0;4;0;0;0;0;4;0;0;4;0;4;0;0;4;0
931;Animalia;Annelida;Polychaeta;Phyllodocida;Phyllodocidae;NA;NA;Phyllodocidae spp.;0;0;2;2;3;3;2;0;0;0;0;0;2;2;0;0;4;2;2;0;2;2;0;0;0;2;2;0;0;0;4;0;0;0;0;4;0;0;3;2;4;0;NA;NA;NA
130700;Animalia;Annelida;Polychaeta;Phyllodocida;Pilargidae;Pilargis;Pilargis verrucosa;Pilargis verrucosa;0;0;0;0;0;4;0;0;0;0;0;0;2;2;0;0;4;4;0;0;4;0;0;0;0;3;1;0;0;0;4;0;0;0;0;4;NA;NA;NA;NA;NA;NA;NA;NA;NA
130114;Animalia;Annelida;Polychaeta;Terebellida;Flabelligeridae;Piromis;Piromis eruca;Piromis eruca;0;0;0;0;4;0;0;0;4;0;0;0;0;0;0;4;0;3;1;0;2;2;0;0;3;1;0;0;0;0;0;4;0;0;0;4;0;0;0;4;4;0;NA;NA;NA
130707;Animalia;Annelida;Polychaeta;Phyllodocida;Sigalionidae;Pisione;Pisione remota;Pisione remota;0;0;0;4;0;0;0;0;0;0;0;0;2;2;0;0;4;4;0;0;4;0;0;0;0;4;0;0;0;0;4;0;0;0;0;4;0;0;4;0;4;0;0;4;0
129708;Animalia;Annelida;Polychaeta;Terebellida;Terebellidae;Pista;NA;Pista spp.;0;0;0;0;3;2;0;0;4;0;0;0;0;0;0;4;0;4;0;4;0;0;0;0;3;1;0;0;0;0;0;0;4;0;0;4;0;4;0;0;NA;NA;0;4;0
130417;Animalia;Annelida;Polychaeta;Phyllodocida;Nereididae;Platynereis;Platynereis dumerilii;Platynereis dumerilii;0;0;0;3;2;0;0;0;0;0;0;4;0;0;0;2;2;0;4;3;0;1;0;0;1;3;0;0;0;0;4;0;0;0;0;4;0;0;0;4;0;4;3;1;0
129319;Animalia;Annelida;Polychaeta;Phyllodocida;Hesionidae;Podarkeopsis;NA;Podarkeopsis sp.;0;0;2;2;0;0;0;0;0;0;0;0;3;2;0;2;2;2;2;0;2;2;0;0;0;2;2;0;0;0;4;0;0;0;4;0;0;0;0;4;4;0;4;0;0
130711;Animalia;Annelida;Polychaeta;Spionida;Poecilochaetidae;Poecilochaetus;Poecilochaetus serpens;Poecilochaetus serpens;0;0;0;3;1;0;0;0;2;0;2;0;0;0;0;4;0;4;0;0;4;0;0;0;0;2;2;0;0;4;0;0;0;0;0;4;0;0;4;0;NA;NA;NA;NA;NA
129710;Animalia;Annelida;Polychaeta;Terebellida;Terebellidae;Polycirrus;NA;Polycirrus spp.;0;0;0;2;3;0;0;3;2;0;0;0;0;0;0;4;0;4;0;0;4;0;0;0;3;1;0;0;0;0;0;0;4;0;0;4;0;0;0;4;NA;NA;0;4;0
129619;Animalia;Annelida;Polychaeta;Spionida;Spionidae;Polydora;NA;Polydora spp.;0;0;0;3;2;0;0;0;2;0;2;0;0;0;0;4;0;4;0;4;0;0;0;0;3;1;0;0;0;0;0;2;2;0;1;3;0;1;3;0;4;0;4;0;0
130714;Animalia;Annelida;Polychaeta;NA;Polygordiidae;Polygordius;Polygordius lacteus;Polygordius lacteus;0;0;0;0;4;0;0;3;1;0;0;0;0;0;0;4;0;4;0;0;4;0;0;0;0;0;2;2;0;4;0;0;0;0;0;4;0;0;4;0;4;0;2;2;0
130830;Animalia;Annelida;Polychaeta;Phyllodocida;Polynoidae;Polynoe;Polynoe scolopendrina;Polynoe scolopendrina;0;0;0;0;0;4;0;0;0;0;0;0;3;1;0;1;3;2;2;0;0;4;0;0;0;0;2;2;0;0;4;0;0;0;0;4;0;0;4;0;4;0;NA;NA;NA
129620;Animalia;Annelida;Polychaeta;Spionida;Spionidae;Prionospio;NA;Prionospio spp.;0;0;0;4;0;0;0;0;3;1;3;0;0;0;0;4;0;4;0;4;0;0;0;0;2;2;0;0;0;0;0;2;2;0;0;4;0;0;4;0;3;1;4;0;0
131362;Animalia;Annelida;Polychaeta;Phyllodocida;Syllidae;Proceraea;Proceraea cornuta;Proceraea cornuta;0;0;0;4;0;0;0;0;2;0;0;2;3;3;0;2;2;1;3;0;2;3;1;0;0;4;0;0;0;4;0;0;0;0;0;4;0;0;0;4;4;0;4;0;0
129975;Animalia;Annelida;Polychaeta;Terebellida;Cirratulidae;Protocirrineris;Protocirrineris chrysoderma;Protocirrineris chrysoderma;0;0;0;4;0;0;0;2;3;0;0;0;0;0;0;4;0;4;0;0;4;0;0;0;3;1;0;0;0;4;0;0;0;0;0;4;2;2;0;2;4;0;0;4;0
130041;Animalia;Annelida;Polychaeta;Eunicida;Dorvilleidae;Protodorvillea;Protodorvillea kefersteini;Protodorvillea kefersteini;0;0;0;4;0;0;0;0;2;0;0;2;3;3;0;2;2;1;3;0;1;3;1;0;0;3;1;0;0;0;4;0;0;0;0;4;0;4;0;0;4;0;4;0;0
129514;Animalia;Annelida;Polychaeta;NA;Protodrilidae;Protodrilus;NA;Protodrilus sp.;0;2;2;0;0;0;0;0;2;1;0;0;0;0;0;4;0;4;0;0;0;4;0;0;0;4;0;0;4;0;0;0;0;0;0;4;0;0;4;0;NA;NA;4;0;0
152393;Animalia;Annelida;Polychaeta;Phyllodocida;Phyllodocidae;Protomystides;Protomystides bidentata;Protomystides bidentata;0;0;0;4;0;0;0;0;0;0;0;0;2;2;0;0;4;3;1;0;1;3;0;0;0;2;2;0;0;0;4;0;0;0;0;4;0;0;2;2;4;0;0;2;2
152249;Animalia;Annelida;Polychaeta;Phyllodocida;Hesionidae;Psamathe;Psamathe fusca;Psamathe fusca;0;0;0;0;4;0;0;0;0;0;0;0;3;2;0;2;2;0;4;0;0;4;0;0;0;2;2;0;0;0;4;0;0;0;0;4;0;0;4;0;4;0;0;4;0
130683;Animalia;Annelida;Polychaeta;Phyllodocida;Phyllodocidae;Pseudomystides;Pseudomystides limbata;Pseudomystides limbata;0;0;0;4;0;0;0;0;0;0;0;0;2;2;0;0;4;2;2;0;2;2;0;0;0;4;0;0;0;0;4;0;0;0;0;4;0;0;2;2;4;0;0;4;0
1054343;Animalia;Annelida;Polychaeta;Sabellida;Sabellidae;Pseudopotamilla;Pseudopotamilla saxicava;Pseudopotamilla saxicava;0;0;0;0;4;0;0;0;0;1;3;0;0;0;0;4;0;3;1;4;0;0;0;0;4;0;0;0;0;4;0;0;0;0;1;3;0;0;0;4;4;0;0;4;0
130686;Animalia;Annelida;Polychaeta;Phyllodocida;Phyllodocidae;Pterocirrus;Pterocirrus macroceros;Pterocirrus macroceros;0;0;0;0;4;0;0;0;0;0;0;0;2;2;0;0;4;2;2;0;2;2;0;0;0;2;2;0;0;0;4;0;0;0;0;4;0;0;2;2;4;0;0;4;0
131170;Animalia;Annelida;Polychaeta;Spionida;Spionidae;Pygospio;Pygospio elegans;Pygospio elegans;0;0;3;2;0;0;0;0;2;0;2;0;0;0;0;4;0;4;0;4;0;0;0;0;3;1;0;0;0;0;0;2;2;0;0;4;2;2;2;2;4;0;4;0;0
130964;Animalia;Annelida;Polychaeta;Sabellida;Sabellidae;Sabella;Sabella discifera;Sabella discifera;0;0;0;0;4;0;0;0;0;1;3;0;0;0;0;4;0;3;1;4;0;0;0;0;4;0;0;0;0;4;0;0;0;0;0;4;0;0;0;4;4;0;0;4;0
130967;Animalia;Annelida;Polychaeta;Sabellida;Sabellidae;Sabella;Sabella pavonina;Sabella pavonina;0;0;0;0;0;0;4;0;0;1;3;0;0;0;0;4;0;1;3;4;0;0;0;0;4;0;0;0;0;4;0;0;0;0;0;4;0;0;0;4;4;0;0;4;0
130866;Animalia;Annelida;Polychaeta;NA;Sabellariidae;Sabellaria;Sabellaria alveolata;Sabellaria alveolata;0;0;0;4;0;0;0;0;0;0;4;0;0;0;0;4;0;0;4;4;0;0;0;0;4;0;0;0;4;0;0;0;0;0;0;4;0;0;4;0;4;0;0;3;1
130867;Animalia;Annelida;Polychaeta;NA;Sabellariidae;Sabellaria;Sabellaria spinulosa;Sabellaria spinulosa;0;0;0;4;0;0;0;0;0;0;4;0;0;0;0;4;0;0;4;4;0;0;0;0;4;0;0;0;4;0;0;0;0;0;0;4;0;0;4;0;4;0;0;3;1
985;Animalia;Annelida;Polychaeta;Sabellida;Sabellidae;NA;NA;Sabellidae spp.;0;1;1;3;2;3;1;0;0;1;3;0;0;0;0;4;0;3;1;4;0;0;0;0;4;0;0;0;0;4;0;0;0;0;1;3;1;3;0;3;3;1;0;4;0
130979;Animalia;Annelida;Polychaeta;NA;Scalibregmatidae;Scalibregma;Scalibregma celticum;Scalibregma celticum;0;0;0;4;0;0;0;3;1;0;0;0;0;0;0;4;0;4;0;0;4;0;0;0;0;2;2;0;0;0;4;0;0;0;0;4;0;4;0;0;4;0;4;0;0
130980;Animalia;Annelida;Polychaeta;NA;Scalibregmatidae;Scalibregma;Scalibregma inflatum;Scalibregma inflatum;0;0;0;0;4;0;0;4;0;0;0;0;0;0;0;4;0;4;0;0;4;0;0;0;0;2;2;0;0;0;4;0;0;0;0;4;0;4;0;0;4;0;4;0;0
130044;Animalia;Annelida;Polychaeta;Eunicida;Dorvilleidae;Schistomeringos;Schistomeringos neglecta;Schistomeringos neglecta;0;0;0;4;0;0;0;0;2;0;0;2;3;3;0;2;2;1;3;0;1;3;1;0;0;3;1;0;0;0;4;0;0;0;0;4;0;0;0;4;4;0;4;0;0
154127;Animalia;Annelida;Polychaeta;Eunicida;Dorvilleidae;Schistomeringos;Schistomeringos rudolphi;Schistomeringos rudolphi;0;0;0;4;0;0;0;0;2;0;0;2;3;3;0;2;2;1;3;0;1;3;1;0;0;3;1;0;0;0;4;0;0;0;0;4;0;0;0;4;4;0;4;0;0
130982;Animalia;Annelida;Polychaeta;NA;Scalibregmatidae;Sclerocheilus;Sclerocheilus minutus;Sclerocheilus minutus;0;0;0;4;0;0;0;4;0;0;0;0;0;0;0;4;0;4;0;0;4;0;0;0;0;2;2;0;0;0;4;0;0;0;0;4;NA;NA;NA;NA;NA;NA;NA;NA;NA
129623;Animalia;Annelida;Polychaeta;Spionida;Spionidae;Scolelepis;NA;Scolelepis spp.;0;0;0;2;3;3;0;0;2;0;2;0;0;0;0;4;0;4;0;2;2;0;0;0;1;3;0;0;0;0;0;2;2;0;0;4;0;0;4;0;4;0;4;0;0
152260;Animalia;Annelida;Polychaeta;Eunicida;Lumbrineridae;Scoletoma;Scoletoma magnidentata;Scoletoma magnidentata;0;0;0;0;0;0;4;0;0;0;0;0;2;2;0;0;4;3;1;0;4;0;0;0;0;0;3;1;0;0;4;0;0;0;0;4;0;2;0;2;4;0;0;4;0
129340;Animalia;Annelida;Polychaeta;Eunicida;Lumbrineridae;Scoletoma;NA;Scoletoma spp.;0;0;0;0;1;2;3;0;0;0;0;0;2;2;0;0;4;3;1;0;4;0;0;0;0;0;3;1;0;0;4;0;0;0;0;4;0;2;0;2;4;0;0;4;0
743511;Animalia;Annelida;Polychaeta;NA;Orbiniidae;Scoloplos;Scoloplos (Scoloplos) armiger;Scoloplos (Scoloplos) armiger;0;0;0;0;0;4;0;4;0;0;0;0;0;0;0;4;0;4;0;0;4;0;0;0;0;0;2;2;0;0;4;0;0;0;0;4;0;4;0;0;4;0;0;4;0
131051;Animalia;Annelida;Polychaeta;Sabellida;Serpulidae;Serpula;Serpula vermicularis;Serpula vermicularis;0;0;0;0;4;0;0;0;0;2;2;0;0;0;0;4;0;0;4;4;0;0;0;0;4;0;0;0;4;0;0;0;0;0;0;4;0;0;4;0;4;0;2;2;0
988;Animalia;Annelida;Polychaeta;Sabellida;Serpulidae;NA;NA;Serpulidae spp.;1;0;0;3;1;0;0;0;0;2;2;0;0;0;0;4;0;0;4;4;0;0;0;0;4;0;0;0;4;0;0;0;0;0;1;3;1;0;3;1;4;0;3;1;0
131072;Animalia;Annelida;Polychaeta;Phyllodocida;Sigalionidae;Sigalion;Sigalion mathildae;Sigalion mathildae;0;0;0;0;0;4;0;0;0;0;0;0;2;2;0;0;4;3;1;0;4;0;0;0;0;2;2;0;0;0;4;0;0;0;0;4;0;0;4;0;4;0;0;4;0
130690;Animalia;Annelida;Polychaeta;Phyllodocida;Phyllodocidae;Sige;Sige fusigera;Sige fusigera;0;0;0;4;0;0;0;0;0;0;0;0;2;2;0;0;4;2;2;0;2;2;0;0;0;2;2;0;0;0;4;0;0;0;0;4;0;0;2;2;4;0;NA;NA;NA
957;Animalia;Annelida;Polychaeta;Phyllodocida;Sphaerodoridae;NA;NA;Sphaerodoridae spp.;2;3;3;2;0;0;0;0;2;0;0;0;2;2;2;2;2;4;0;0;2;2;0;2;0;4;0;0;0;0;4;0;0;0;2;2;0;2;0;2;NA;NA;NA;NA;NA
155127;Animalia;Annelida;Polychaeta;Phyllodocida;Sphaerodoridae;Sphaerodoridium;Sphaerodoridium minutum;Sphaerodoridium minutum;0;4;0;0;0;0;0;0;0;0;0;0;2;2;2;2;2;4;0;2;2;2;0;0;0;4;0;0;0;0;4;0;0;0;0;4;0;1;0;3;NA;NA;4;0;0
131379;Animalia;Annelida;Polychaeta;Phyllodocida;Syllidae;Sphaerosyllis;Sphaerosyllis bulbosa;Sphaerosyllis bulbosa;0;2;2;0;0;0;0;0;2;0;0;2;3;3;0;2;2;1;3;0;2;3;1;0;0;4;0;0;0;4;0;0;0;0;0;4;0;4;0;0;4;0;4;0;0
129677;Animalia;Annelida;Polychaeta;Phyllodocida;Syllidae;Sphaerosyllis;NA;Sphaerosyllis spp.;0;4;0;0;0;0;0;0;2;0;0;2;3;3;0;2;2;1;3;0;2;3;1;0;0;4;0;0;0;4;0;0;0;0;0;4;0;4;0;0;4;0;4;0;0
129625;Animalia;Annelida;Polychaeta;Spionida;Spionidae;Spio;NA;Spio spp.;0;0;0;4;0;0;0;0;2;0;2;0;0;0;0;4;0;4;0;4;0;0;0;0;3;1;0;0;0;0;0;2;2;0;0;4;0;1;3;0;3;1;4;0;0
129233;Animalia;Annelida;Polychaeta;NA;Chaetopteridae;Spiochaetopterus;NA;Spiochaetopterus spp.;0;0;0;3;1;0;0;0;2;2;2;0;0;0;0;4;0;4;0;4;0;0;0;0;4;0;0;0;0;0;0;2;2;0;0;4;2;0;2;0;4;0;NA;NA;NA
131187;Animalia;Annelida;Polychaeta;Spionida;Spionidae;Spiophanes;Spiophanes bombyx;Spiophanes bombyx;0;0;0;0;4;0;0;0;2;0;2;0;0;0;0;4;0;4;0;4;0;0;0;0;3;1;0;0;0;0;0;2;2;0;0;4;0;0;4;0;4;0;4;0;0
129582;Animalia;Annelida;Polychaeta;Sabellida;Serpulidae;Spirobranchus;NA;Spirobranchus spp.;0;0;0;4;0;0;0;0;0;2;2;0;0;0;0;4;0;0;4;4;0;0;0;0;4;0;0;0;4;0;0;0;0;0;1;3;0;0;4;0;4;0;3;1;0
131242;Animalia;Annelida;Polychaeta;Terebellida;Sternaspidae;Sternaspis;Sternaspis scutata;Sternaspis scutata;0;0;0;4;0;0;0;4;0;0;0;0;0;0;0;4;0;4;0;0;4;0;0;0;3;1;0;0;0;0;4;0;0;0;0;4;0;0;0;4;4;0;0;4;0
131074;Animalia;Annelida;Polychaeta;Phyllodocida;Sigalionidae;Sthenelais;Sthenelais boa;Sthenelais boa;0;0;0;0;0;4;0;0;0;0;0;0;2;2;0;0;4;2;2;0;3;1;0;0;0;2;2;0;0;0;4;0;0;0;0;4;0;0;4;0;4;0;0;4;0
131538;Animalia;Annelida;Polychaeta;Terebellida;Terebellidae;Streblosoma;Streblosoma bairdi;Streblosoma bairdi;0;0;0;0;4;0;0;0;4;0;0;0;0;0;0;4;0;4;0;4;0;0;0;0;3;1;0;0;0;0;0;0;4;0;0;4;NA;NA;NA;NA;NA;NA;NA;NA;NA
238207;Animalia;Annelida;Polychaeta;Phyllodocida;Syllidae;Streptodonta;Streptodonta pterochaeta;Streptodonta pterochaeta;0;0;4;0;0;0;0;0;2;0;0;2;3;3;0;2;2;1;3;0;2;3;1;0;0;4;0;0;0;0;4;0;0;0;0;4;0;0;0;4;4;0;4;0;0
131402;Animalia;Annelida;Polychaeta;Phyllodocida;Syllidae;Streptosyllis;Streptosyllis websteri;Streptosyllis websteri;0;4;0;0;0;0;0;0;2;0;0;2;3;3;0;2;2;1;3;0;2;3;1;0;0;4;0;0;0;4;0;0;0;0;1;3;0;0;0;4;4;0;4;0;0
130833;Animalia;Annelida;Polychaeta;Phyllodocida;Polynoidae;Subadyte;Subadyte pellucida;Subadyte pellucida;0;0;0;4;0;0;0;0;0;0;0;0;3;1;0;1;3;0;4;0;0;4;0;0;0;3;2;0;0;0;4;0;0;0;0;4;0;0;4;0;4;0;0;4;0
948;Animalia;Annelida;Polychaeta;Phyllodocida;Syllidae;NA;NA;Syllidae spp.;0;0;2;2;0;0;0;0;2;0;0;2;3;3;0;2;2;1;3;0;2;3;1;0;0;4;0;0;0;2;2;0;0;0;1;3;1;3;0;3;3;1;4;0;0
129679;Animalia;Annelida;Polychaeta;Phyllodocida;Syllidae;Syllides;NA;Syllides spp.;0;2;2;0;0;0;0;0;2;0;0;2;3;3;0;2;2;1;3;0;2;3;1;0;0;4;0;0;0;4;0;0;0;0;1;3;0;0;0;4;4;0;4;0;0
130198;Animalia;Annelida;Polychaeta;Phyllodocida;Hesionidae;Syllidia;Syllidia armata;Syllidia armata;0;0;4;0;0;0;0;0;0;0;0;0;3;2;0;2;2;0;4;0;0;4;0;0;0;2;2;0;0;0;4;0;0;0;0;4;0;0;4;0;4;0;NA;NA;NA
131429;Animalia;Annelida;Polychaeta;Phyllodocida;Syllidae;Syllis;Syllis fasciata;Syllis fasciata;0;0;0;4;0;0;0;0;2;0;0;2;3;3;0;2;2;1;3;0;2;3;1;0;0;3;1;0;0;4;0;0;0;0;0;4;0;0;0;4;4;0;4;0;0
131431;Animalia;Annelida;Polychaeta;Phyllodocida;Syllidae;Syllis;Syllis garciai;Syllis garciai;0;0;4;0;0;0;0;0;2;0;0;2;3;3;0;2;2;1;3;0;2;3;1;0;0;3;1;0;0;4;0;0;0;0;0;4;0;0;0;4;4;0;4;0;0
131435;Animalia;Annelida;Polychaeta;Phyllodocida;Syllidae;Syllis;Syllis gracilis;Syllis gracilis;0;0;0;4;0;0;0;0;2;0;0;2;3;3;0;2;2;1;3;0;2;3;1;0;0;3;1;0;0;4;0;0;0;0;0;4;2;0;0;2;4;0;4;0;0
131436;Animalia;Annelida;Polychaeta;Phyllodocida;Syllidae;Syllis;Syllis hyalina;Syllis hyalina;0;0;0;4;0;0;0;0;2;0;0;2;3;3;0;2;2;1;3;0;2;3;1;0;0;3;1;0;0;4;0;0;0;0;0;4;0;0;0;4;4;0;4;0;0
238648;Animalia;Annelida;Polychaeta;Phyllodocida;Syllidae;Syllis;Syllis krohnii;Syllis krohnii;0;0;0;4;0;0;0;0;2;0;0;2;3;3;0;2;2;1;3;0;2;3;1;0;0;3;1;0;0;4;0;0;0;0;0;4;0;0;0;4;4;0;4;0;0
129680;Animalia;Annelida;Polychaeta;Phyllodocida;Syllidae;Syllis;NA;Syllis spp.;0;0;2;2;0;0;0;0;2;0;0;2;3;3;0;2;2;1;3;0;2;3;1;0;0;3;1;0;0;3;1;0;0;0;1;3;0;0;0;4;4;0;4;0;0
131458;Animalia;Annelida;Polychaeta;Phyllodocida;Syllidae;Syllis;Syllis variegata;Syllis variegata;0;0;0;4;0;0;0;0;2;0;0;2;3;3;0;2;2;1;3;0;2;3;1;0;0;3;1;0;0;4;0;0;0;0;1;3;0;0;0;4;4;0;4;0;0
131459;Animalia;Annelida;Polychaeta;Phyllodocida;Syllidae;Syllis;Syllis vittata;Syllis vittata;0;0;0;4;0;0;0;0;2;0;0;2;3;3;0;2;2;1;3;0;2;3;1;0;0;3;1;0;0;4;0;0;0;0;1;3;0;0;0;4;4;0;4;0;0
982;Animalia;Annelida;Polychaeta;Terebellida;Terebellidae;NA;NA;Terebellidae spp.;0;0;0;3;3;1;1;1;3;0;0;0;0;0;0;4;0;3;1;3;1;0;0;0;3;1;0;0;0;1;0;1;3;0;0;4;0;1;0;3;3;1;0;4;0
129717;Animalia;Annelida;Polychaeta;Terebellida;Trichobranchidae;Terebellides;NA;Terebellides spp.;0;0;0;0;4;0;0;3;2;0;0;0;0;0;0;4;0;4;0;0;4;0;0;0;3;1;0;0;0;0;0;0;4;0;0;4;0;4;0;0;4;0;0;4;0
110375;Animalia;Annelida;Polychaeta;Echiuroidea;Thalassematidae;Thalassema;Thalassema thalassema;Thalassema thalassema;0;0;0;0;4;0;0;0;4;0;0;0;0;0;0;4;0;4;0;0;4;0;0;0;0;4;0;0;0;0;0;0;4;0;NA;NA;0;0;4;0;NA;NA;NA;NA;NA
129714;Animalia;Annelida;Polychaeta;Terebellida;Terebellidae;Thelepus;NA;Thelepus spp.;0;0;0;0;0;4;0;0;4;0;0;0;0;0;0;4;0;4;0;4;0;0;0;0;3;1;0;0;0;0;0;0;4;0;0;4;0;0;0;4;4;0;4;0;0
129981;Animalia;Annelida;Polychaeta;Terebellida;Cirratulidae;Timarete;Timarete filigera;Timarete filigera;0;0;0;0;4;0;0;1;3;0;0;0;0;0;0;4;0;4;0;0;4;0;0;0;3;1;0;0;0;4;0;0;0;0;0;4;2;0;0;2;4;0;1;3;0
130512;Animalia;Annelida;Polychaeta;NA;Travisiidae;Travisia;Travisia forbesii;Travisia forbesii;0;0;0;4;0;0;0;4;0;0;0;0;0;0;0;4;0;4;0;0;4;0;0;0;0;0;2;2;0;0;4;0;0;0;0;4;0;4;0;0;4;0;NA;NA;NA
131574;Animalia;Annelida;Polychaeta;Terebellida;Trichobranchidae;Trichobranchus;Trichobranchus glacialis;Trichobranchus glacialis;0;0;0;4;0;0;0;3;1;0;0;0;0;0;0;4;0;4;0;4;0;0;0;0;3;1;0;0;0;0;0;0;4;0;0;4;0;4;0;0;4;0;NA;NA;NA
335151;Animalia;Annelida;Polychaeta;Phyllodocida;Syllidae;Trypanosyllis;Trypanosyllis (Trypanosyllis) coeliaca;Trypanosyllis (Trypanosyllis) coeliaca;0;0;3;1;0;0;0;0;2;0;0;2;3;3;0;2;2;1;3;0;2;3;1;0;0;4;0;0;0;4;0;0;0;0;1;3;0;0;0;4;4;0;4;0;0
131467;Animalia;Annelida;Polychaeta;Phyllodocida;Syllidae;Trypanosyllis;Trypanosyllis zebra;Trypanosyllis zebra;0;0;0;4;0;0;0;0;2;0;0;2;3;3;0;2;2;1;3;0;2;3;1;0;0;4;0;0;0;4;0;0;0;0;1;3;0;0;0;4;4;0;4;0;0
130426;Animalia;Annelida;Polychaeta;Phyllodocida;Nereididae;Websterinereis;Websterinereis glauca;Websterinereis glauca;0;0;0;4;0;0;0;0;2;0;0;3;0;0;0;2;2;0;4;3;0;1;0;0;1;3;0;0;0;0;4;0;0;0;0;4;0;4;0;0;0;4;3;1;0